Salle;Adresse;Ville;Numéro de téléphone;Email
 Centre d'Athlétisme de Sidi Bouzid;Rue de l'environnement  ;Sidi Bouzid;+216 76 62 42 80 ;null
 K'danse; 7 boulevard du 14 janvier 2026 Sidi Bou Saïd ;La Marsa;+216 23 390 066 ;kdanse06@gmail.com
 Tennis Club du Kram;El Kram  ;Tunis;+216 98 69 36 93 ;tennis.club.kram@gmail.com
3D Sport;en face hotel royal azur, Hammamet ;Nabeul;+216 28 03 76 67 ;mednabilbenmansour@gmail.com
Abyss Dive Center Djerba;Plage Hotel Welcome Meridiana ;Médenine;+216 26 20 27 15 ;null
Académie Avenir Souassi;Souassi ;Mahdia;+216 98 95 38 36 ;null
Académie GHAZI AHMED des arts martiaux et sports de combat;Bou Merdès ;Mahdia;+216 26 07 53 14 ;null
Académie Kahna de Football Monastir - AKFM;Monastir ;Monastir;+216 73 448 369 ;cpk@live.fr
Academie Karaté Menzah 6;El Menzah 6 ;Ariana;+216 95 14 53 11 ;academiekarate@gmail.com
Academy GYM Kasserine;Avenue Habib Bourguiba ;Kasserine;+216 25 12 00 24 ;ltifitaki@gmail.com
Academy sportif sbikha;À côté du café Al Druj dans le centre ville Sabikha ;Kairouan;+216  93 09 35 03 ;null
Accrogym;Rue d'alger près du service topographique du coté de SpringLand ;Monastir;+216 50 62 89 47 ;accrogym@yahoo.com
acro gym;Passage Sleheddine Bouchoucha ;La Marsa;+216 71 748 007 / 98 555 814 / 54 854 140 ;kidmania12@yahoo.fr
AD Fitness;Centre Golf Soukra - Boulevard de l'UMA -Bloc B - 2ème étage ;Ariana;+216 58 99 91 11 ;null
Aecor Fitness;Cité les Orangers Khezema-Est ;Sousse;+216 92 020 002 ;info@aecorfitness.com
Aèro-fitness club;Rte l'Afrane km4 ;Sfax;+216 22 06 24 26 ;null
AHBEA El Alia;El Alia  ;Bizerte;+216 52 15 34 12 ;ahbea2017@gmail.com
AIKIDO GAZELEC SPORT;52 Rue Ibn Charaf, El Khadhra ;Tunis;+216 98 928 040 ;contact@tunisaikido.com
AÏKIDO SHODOKAN TUNISIE;Sophonisbe Club, Rue 2 Mars - Carthage Byrsa ;Tunis;+216 98 409 676 ;aikidoshodokantunisie@hotmail.fr
Aïkido Zan Shin Dojo M'saken;Msaken ;Sousse;+216 22 13 29 99 ;null
AK Dance;Carthage ;Tunis;+216 98 33 33 38 ;akdance.tn@gmail.com
Al Intilaka Sportif Borj El Amri;Borj El Amri ;Manouba;+216 29 90 41 21 ;null
Al Maali Sportif Sejnane;Sejnane ;Bizerte;+216 28 51 16 60 ;null
Al Wefak sportif de Gabés;Salle couverte, cité universitaire  ;Gabès;+216 20 71 44 41 ;null
Ali Arafa Academy de Boxe ;Cité Erriadh ;Sousse;+216 95 05 47 34 ;ali.arfa.tn@gmail.com
All Generation Football Academy - AGFA Tunisie;En face du parc d’attraction ;Soukra;+216 29 44 63 36 ;agfasoukra@gmail.com
Alpha Fitness;Route de Tunis près café Il Padrino ;Hammam sousse;+216 73 37 00 72 / 92 21 19 39 ;alphafitness@topnet.tn
Alpha Gym;Route Ezzahra-Radès ;Ben Arous;+216 22 40 40 33 ;alphagymezzahra@gmail.com
Amateur Taekwondo Association Monastir;Centre ville ;Monastir;+216 98 35 79 06 ;atamtaek@gmail.com
Aminos Djerba sub plongée;plage sidi bakour, zone touristique ;Médenine;+216 28 70 12 28 ;amine_manouchi@hotmail.com
Andalousia Art et sport;Riadh al Andalous derrière carrefour market ;Ariana;+216 21 31 14 31 ;null
Archimède Djerba - PADI Dive Resort;Plage Yati, Djerba Midoun ;Médenine;+216 53 45 11 14 ;contact@djerbaplongee.fr
Arena Football Académie;GP1 Rte Tunis Rond-point Meublatex prés de Zinifilm ;Hammam sousse;+216 31 500 602 ;arena.football.academy@live.fr
ARENA GYM;Colisée Soula - Esc d - 1 er étage - El Manar 2 ;Tunis;+216 71 88 96 58 / 58 88 38 83 ;contact@arena-gym.com
Artisto Club;Avenue Habib Bourguiba Rades  ;Ben Arous;+216 22 17 69 08 ;ayadi.olfa3101@gmail.com
ASEST L'Académie Sportive et Éducative des Sourds de Tunis;08 Rue d'Espagne ;Tunis;+216 25 65 93 09 ;academietn@gmail.com
Association Al-Andalus Budo et d'autodéfense;Kalaat El Andalous ;Ariana;+216 58 38 17 34 ;majdmzam@gmail.com
Association Amal Sportive Borj Louzir;Borj louzir ;Ariana;+216 52 76 81 95 ;associationamal.sportif2013@hotmail.com
Association Amor Boussaha de Boxe;Avenue de Palestine ;Gafsa;+216 97 79 21 09 ;null
Association Arts Martiaux Manaret Al Hammamet;Hammamet ;Nabeul;+216 58 68 92 48 ;null
Association Avenir Ariana;Borj Baccouch ;Ariana;+216 52 01 93 57 ;gharbi-abdallah@hotmail.com
Association Azmas;Ezzahra ;Ben Arous;+216 28 52 85 88 ;null
Association basketball Gafsa;Salle couverte  ;Gafsa;+216 94 33 85 58 ;associationbasketballgafsa@gmail.com
Association Borj Arif Sportive;Borj Arif ;Mahdia;+216 20 82 47 93 ;borjarifsports@gmail.com
Association challenge sportive Bouhajla;Rue ali lili Bouhajla  ;Kairouan;+216 77 26 56 05  ;challengebouhajla@hotmail.com
Association Champions Karaté Monastir ;Salle Ali El May, Monastir ;Monastir;+216 94 12 19 81 ;hammoudamed2010@gmail.com
Association Clubs Sidi El Hani ;Sidi El Hani ;Sousse;+216 52 68 91 99 ;sadamoumou@hotmail.fr
Association d'Hammamet de kick boxing;Hammamet ;Nabeul;+216 26 52 35 64 ;gold.hich@hotmail.fr
Association Dar Fadhal Soukra de Minifoot;22 Rue de la paix, Dar Fadhal Soukra ;Ariana;+216 92 58 76 31 ;null
Association de boxe thailandaise et Arts Martiaux Moknine;Moknine ;Monastir;+216 50 68 78 95 ;atbsdm@live.fr
Association de l'espoir sportive;Menzel Mhiri ;Kairouan;+216 50 08 77 58 ;null
Association de Pêche Sportive et de l'environnement de Metline;Cap Zebib, Metlin ;Bizerte;+216 22 12 51 77 ;apsemetline@gmail.com
Association De Pétanque Maison Des Jeunes Helya De Monastir;@ ;Soukra;27129690 ;kharrat_marouan.info@yahoo.com
Association de Pétanque Maison des Jeunes Helya de Monastir (A.P.M.J.H.M);Maison des Jeunes Helya de Monastir ;Monastir;+216 27 129 690 ;null
Association des Arts Martiaux du Sahel;Zaouiet Sousse ;Sousse;+216 98 40 55 05 ;null
Association des champions méditerranéens des Arts Martiaux;Korba ;Nabeul;+216 54 68 68 83 ;null
Association des Sports Equestres du Kef;Boulefa  ;Kef;+216 22 37 68 29 ;null
Association des sports individuels et des arts de défense à Mateur;Mateur ;Nabeul;+216 23 25 29 83 ;shousseini13@gmail.com
Association des Sports Individuels Menzel Bouzelfa;Menzel Bouzelfa ;Nabeul;+216 53 78 63 66 ;dj.nacefabdel@gmail.com
Association des Sports Subaquatiques et de l'Environnement de Bizerte;Piscine municipale ;Bizerte;+216 21 54 19 54 ;widedmokhtar17@yahoo.fr
Association des stades sportifs (A.S.S);EL Alem Sbikha  ;Kairouan;+216 98 54 63 85 ;null
Association des Tigres Méditerranéens pour les Arts défensifs à Sfax ;Route de la Soukra ;Sfax;+216 97 01 72 05 ;defensetigres@gmail.com
Association Eagle Sportif Sfax;Route de Gabès Km 7, Cité El Moez ;Sfax;+216 26 91 39 02 ;associationeaglespotifsfax.17@gmail.com
Association El Faouez Sportif Mornaguia;El Mornaguia ;Manouba;+216 71 54 04 22 ;dpiccaso10@gmail.com
Association Espoir Sportif Féminine Jbeniana;Salle couverte ;Jebeniana;+216 22 28 24 12 ;elamal.sportif@yahoo.fr
Association Faucons Karaté Monastir;Salle Ali El May, Rbat ;Monastir;+216 98 29 68 25 / 52 29 68 25 / 55 01 03 70 ;null
Association Féminine Bizerte de Pétanque;Centre ville ;Bizerte;+216 22 78 91 99 ;null
Association Féminine de Handball Ousseltia;Salle couverte Ousseltia  ;Kairouan;+216 58 95 19 58  ;null
Association Féminine Ksour Essef;Ksour Essef ;Mahdia;+216 97 57 24 76 ;adelbrahim.office@gmail.com
Association Féminine Monastir;Salle couverte Mustafa Ben Jannet ;Monastir;+216 98 33 50 23 ;null
Association féminine Nisry Zaghouan;Municipalité Zaghouan ;Zaghouan;+216 27 02 70 28 ;anfz.zaghouan2020@gmail.com
Association Gabes des sports nautiques;Gabes, la plage ;Gabès;+216 53 09 39 89 ;null
Association IKO Tunisia pour les Arts Martiaux;Complexe Des Jeunes Sousse ;Sousse;+216 51 92 99 11 ;skashinkai@hotmail.com
Association kyokushinkai Nadhour; Maison de la jeunesse à Sidi Nagy ;Nadhour;+216 25 19 58 80 ;null
Association kyokushinkai Redeyef;salle de sport kanissa redeyef ;Redyef;+216 25 65 13 21 ;null
Association l'Élite du Sport au Sahel;Rue Okba Ibn Nafaa ;Sousse;+216 29 00 73 48 ;elite.d.sport@gmail.com
Association L'espoir Sportif Zaghouan;26 rue de L'Indépendance ;Zaghouan;+216 50 45 75 98 ;null
Association la Dame d'Echecs Bizerte;Maison des Jeunes El Kharaz ;Bizerte;+216 98 62 85 26 ;adebchess@hotmail.fr
Association la Dame d'échecs Bizerte-A.D.E.B;Maison des Jeune El Kharaz ;Bizerte;+216 98 62 85 26 ;adebchess@hotmail.fr
Association le Marin Sportif Zembra;El Haouaria ;Nabeul;+216 27 22 72 22 ;ams.zembra@gmail.com
Association les Aigles de Carthage;Avenue Omar Khalfa, Hammam Sousse ;Sousse;+216 98 55 85 89 ;null
Association les Tigres des Arts Martiaux Bembla;Bembla ;Monastir;+216 55 98 01 80 ;null
Association maison des jeunes pour les activités sportives;Cité Ibn Khaldoun Dahmani ;Kef;+216 78 28 23 60 ;null
Association Matmata sportive;Matmata ;Gabès;+216 97 55 55 51 ;masshassen@gmail.com
Association Outique de Kick Boxing et sports individuels;Outik ;Bizerte;+216 53 31 50 74  ;null
ASSOCIATION SAHELIENNE D'AIKIDO;Erriadh ;Sousse;+216 52 988 841 ;benkahla_nabil@yahoo.tr
Association Sportive AL Amana ;Kairouan ;Kairouan Sud;+216 94 45 56 51  ;tvtaamalah@gmail.com
Association Sportive Best Life Bizerte;Sidi Salem ;Bizerte;+216 24 24 28 15 ;achraf.blaou@hotmail.com
Association Sportive Bizerta Tri Xtreme;Essamadiya ;Bizerte;+216 22 04 71 79 ;bizertatrixtreme@gmail.com
Association sportive d'Horizon Kairouain ;Quartier Al-Salam, route Hafuz ;Kairouan Sud;+216 77 23 43 35 ;null
Association Sportive de Ghraiba;Ghariba ;Sfax;+216 28 07 87 80 ;null
Association Sportive de Golf de Djerba;Djerba Midoun ;Médenine;+216 22 92 76 48 ;asgd.djerba@gmail.com
Association sportive de gymnastique de Zaghouan;salle de sport olympico qym ;Zaghouan;+216 98 22 55 19 ;asgymz@gmail.com
Association sportive de Mahares;El Mahraes  ;Sfax;+216 26 08 01 28 ;null
Association Sportive de Menzel Bourguiba;Menzel Bourguiba ;Bizerte;+216 98 60 91 66 ;null
Association sportive défi Jbeniana;Jebeniana ;Jebeniana;+216 21 71 69 92 ;null
Association sportive Dekhilet Toujane;Dekhilet Toujane ;Gabès;+216 90 17 60 09 / 26 71 09 97 ;null
Association sportive des Arts Martiaux et Fitness;Route Menzel Abderrahmen ;Bizerte;+216 53 34 36 63 ;amf.sportive@gmail.com
Association Sportive El Battan;El Battan ;Manouba;+216 50 83 07 50 ;null
Association sportive Elhamma;Elhamma ;Gabès;+216 24 24 85 00 ;associationsh14@gmail.com
Association Sportive Féminine de Béja;Stade Boujemaa Kmiti ;Béja;+216 97 60 01 46 ;medsalah.mnekbi@gmail.com
Association sportive féminine de Gafsa;Stade Mohamed Gamoudi ;Gafsa;+216 50 75 80 69 ;footballtunisien@gmail.com
Association sportive féminine de Handball;Téboulba ;Monastir;+216 58 90 63 95 ;null
Association sportive féminine de Nefza;Nefza ;Béja;+216 55 23 74 78 ;atefsport@live.fr
Association Sportive Féminine De Sfax;Salle couverte ;Sfax;+216 74 85 39 75 ;association.sportive.sfax@gmail.com
Association sportive féminine Testour;Testour ;Béja;+216 58 80 71 82 ;dabbechmeher@gmail.com
Association sportive Hammamet;Hammamet ;Nabeul;null;null
Association sportive maison des jeunes Al Ain;Route Al Ain Km 55 ;Sfax;+216 97 22 99 35 ;ass.maisondijeuneelain@gmail.com
Association Sportive Maison des Jeunes Gremda;Maison des Jeunes Gremda ;Sfax;+216 29 56 69 38 ;tennis.gremda@gmail.com
Association Sportive Menzeh 6 ;El Menzah 6 ;Ariana;+216 27 24 02 88 / 98 61 22 21 ;null
Association Sportive Militaire de Gabès ;Avenue Habib Thameur ;Gabès;+216 75 27 48 88 ;null
Association Sportive Mini Football;Ksar Hellal ;Monastir;+216 26 66 29 66 ;null
Association Sportive Mnihla;El Mnihla ;Ariana;+216 20 04 35 03 ;rebaiboxer@gmail.com
Association Sportive Okba ;Salle de sport El Ksibi ;Kairouan Sud;+216 26 32 42 19 ;null
Association sportive pour les sports individuels à Mahrés;El Mahrés ;Sfax;+216 58 62 31 13 ;null
Association sportive zitouna;Salle couverte Sidi Amor Bou Hajla ;Kairouan;+216 98 45 08 70 ;null
Association Tunisie Aikido;Majoul ;Ben Arous;+216 22 53 95 84 ;null
ASSOCIATION TUNISIENNE AIKIDO & BUDO;centre culturel el Menzah 6 cité la Gazelle ;Tunis;+216 53 825 535 ;aikidotunisie@gmail.com
Association Tunisienne Autrichienne des Arts Martiaux;Avenue Mohamed Salah Baratli Rue sadic N°138 Wed elmarej ;Bizerte;+216 55 80 06 01 ;ataambizerte@gmail.com
Association Tunisienne de Hapkido;Boumhel ;Ben Arous;+216 24 77 11 23 ;null
Association Tunisienne De Kempo;Sidi Thabet ;Ariana;+216 23 18 91 74 ;null
Association Voix du Sourd de Tunisie;11 Rue d'Espagne ;Tunis;+216 71 32 33 00 ;info.avst@gmail.com
Astre Sportif de Menzel Ennour;Manzel Ennour ;Monastir;+216 73 56 84 44 ;asme.menzelennour1977@gmail.com
Athletic club Sousse;Boulevard Abdelhamid El Kadhi ;Sousse;+216 98 25 04 25 ;null
athletica;Rte de Gremda Km 4, Av Mohamed Jmal ;Sfax;+216 98 44 20 20 ;null
Athletika;Club Elyssa, parc de Sidi Bou Saïd La Marsa ;Tunis;+216 55 25 21 11 ;contact@athletika.tn
Athlétique club Saada Monastir;Stade Mustafa Ben Jannet ;Monastir;+216 22 43 18 46 ;null
Aube sportive EL-Guettar;Stade Municipale LALA-ASLG  ;El Guettar;+216 51 62 34 83 ;aubesportive@hotmail.com
Avenir sportif ain Jloula - ASAJ;Aïn Jloula ;Kairouan;null;null
Avenir Sportif Avicenne;38 Rue Avicenne ;Tunis;+216 22 52 56 81 ;monemhamdipro@gmail.com
Avenir Sportif de Chorbane;Chorbane ;Mahdia;+216 97 36 29 30 ;alibedoui96@gmail.com
Avenir sportif de Gabés ;Avenue Jammel Abd Ennaser ;Gabès;as.degabes@gmail.com;null
Avenir Sportif de Kasserine;Stade municipale ;Kasserine;+216 77 47 38 00 ;null
Avenir Sportif De La Marsa (ASM);La Marsa ;La Marsa;+216 98 221 939 ;contact@asmarsa.com
Avenir Sportif de M'saken - ASM;msaken ;Msaken;rugby.msaken@yahoo.com;null
Avenir Sportif de Medjez el Bab;club ali zwawi avenu habib borgiba, Medjez El Bab ;Béja;+216 21 49 47 98 ;asmb2011a@gmail.com
Avenir Sportif de Nefza;Route de Bizerte ;Nefza;+216 95 997 999 / 78 470 576 ;null
Avenir Sportif Ezzahra;Stade Ezzahra, Rue 2 mars 1934 ;Ben Arous;+216 22 30 80 65 ;avenirsportifezzahra@outlook.fr
Avenir Sportif Hbira;Hbira ;Mahdia;+216 20 55 51 07 ;adk2000@t-online.de
Avenir Sportif Hencha;Boîte postale N°3 ;El Hencha;+216 74 88 45 16 ;null
Avenir Sportif Lala;Stade Municipale LALA ;El Ksar;+216 46 244 821 ;salahraed10@gmail.com
Avenir Sportif Rejiche;Rejiche ;Mahdia;+216 73 68 72 22 ;contact@asrejiche.tn
Avenir sportive de Béja ;Centre ville ;Béja;+216 23 29 87 91 ;null
Aviron Tunisois;Quai-Voilier Tunis-Marine (TGM) 40 rue d’Espagne ;Tunis;+216 21 80 86 09 ;null
Babdida Centre Aquagym;2 Rue Lamine Chabi, Cité Ennasr II  ;Ariana;+216 71 82 82 30 ;null
Baby Gym Mahdia;Avenue Habib Bourgiba, ;Mahdia;+216 23 28 00 85 ;null
Badr Sportif Al Ain;Al Ain ;Sfax;+216 54 66 03 63 ;badrsportive@gmail.com
Bahya Ranch; R'mila ;Kalâa Elkébira;+216 52 50 06 26 ;bahyaranch@gmail.com
Balbouli Football Academy;Sahloul 4 ;Sousse;+216 93 07 00 70 ;balbouli.academy@gmail.com
Bardo Tunisia KickBoxing;centre ville ;Bardo;+216 23 96 96 44 ;null
Basket Club Mahdia;Rue Ali Belhareth  ;Mahdia;+216 23 97 42 24 ;basketclubmahdia@gmail.com
Baya Gym;Avenue Habib Achour Route du Complexe Sportif ;Manouba;+216 53 36 01 44 ;baya.gym@outlook.fr
BB GYM;2, Av. Mongi Slim L'Aouina ;Ariana;+216 70 94 31 52 ;bbgymcomercial@gmail.com
Bellakhal Sport;Rue Béhi Ladgham, Ras Djbel ;Bizerte;+216 98 71 53 68 ;null
BIG - GYM CENTRE DE SPORT MONASTIR;Cité de Rmada ;Monastir;+216 98 454 764 ;chokri_baccouch@hotmail.com
Big Gym ;Cité de Rmada ;Monastir;+216 98 45 47 64 ;null
BIG GYM;Manaret el Hammamet ;Hammamet;+216 52 52 89 50 ;null
Bizerta Paintball Park;Hotel sidi Salem ;Bizerte;+216 53 42 95 39 / 53 48 61 00 ;null
Blue Fitness Hammamet;Avenue Hédi Chaker ;Hammamet;+216 72 26 32 58 ;makram.attia@hotmail.com
Blue Gym Monastir; Hotel Amir Palace ;Monastir;+216 95 61 00 00 ;null
BODY ART;Immeuble Becha Centre, Route Teniour ;Sfax;+216 29 34 10 19 ;bodyart.tn@gmail.com
Body Factory Gym;27 Baghdad st, La Marsa ;Tunis;+216 36 38 03 77 ;null
Body Fitness Club;Centre Atek Avenue Habib Thameur El Mourouj 1 ;Ben Arous;+216 79 35 77 77 ;bodyfitness.club@yahoo.fr
BODY GYM;Cité Monôme ;Tunis;+216 29 92 30 62 ;null
BodyPro CLUB;Ezzahra ;Ben Arous;+216 23 23 29 29 ;bodyproclub2020@gmail.com
BodyRock Gym;Rue El Fouledh, Bardo ;Tunis;+216 53 10 15 62 ;null
BodyRock Gym Khaznadar;Denden ;Manouba;+216 54 32 08 00 ;null
Bodytec studio;Rue de l'Euro, immeuble Slim 1053 Lac 2 Tunis ;Tunis;+216 20 69 78 00 ;contact@bodytec-studio.tn
Bodytec Studio Sahloul 2;20 Rue Zakaria Ahmed, Sahloul 2 ;Sousse;+216 20 69 77 98 ;null
Bombonera GYM;La nouvelle Medina ;Ben Arous;+216 53 35 05 88 ;null
Boujezza sport;Rue Ibrahim Al-Khalil ;Kairouan;+216 98 62 06 28 ;rhaim.boujezza@gmail.com
Boxe Club;1, Mohamed Bayrem V sidi daoud, La Marsa ;Tunis;+216 20 43 24 38 ;null
C Foot;Lac ;Sousse;+216 73 524 228 / 24 017 550 ;trimechwael@yahoo.fr
C.F.Carthage;6 Rue Eschmoun, Carthage, Tunisia ;Tunis;cmcfcarthage@gmail.com;null
Cactus;Rue gharnatah a coté du hotel essaada ;Sousse;+216 25 992 800 ;null
California Gym Bardo;31, Av. Monji Slim, Bardo ;Tunis;+216 36 25 10 44 ;info@california-gym.com
CALIFORNIA GYM CUN;Urban Park, 8ieme étage, Centre Urbain Nord ;Tunis;+216 36 36 13 02 / 36 36 13 08 ;info@california-gym.com
CALIFORNIA GYM ENNASR;32, rue Manoubi Bel Hassine, Ennasr II ;Ariana;+216 71 81 33 83 ;info@california-gym.com
California Gym La Marsa;Avenue Taieb Mhiri, La Marsa ;Tunis;+216 71 74 46 93 ;info@california-gym.com
CALIFORNIA GYM LA MARSA;Avenue Taieb Mhiri ;La Marsa;+216 71 744 693 / 36 361 302 ;info@california-gym.com
California Gym La Soukra;Silver Mall ;Ariana;+216 36 20 34 32 ;info@california-gym.com
CALIFORNIA GYM LAC1;Immeuble les 4R, Rue du Lac Loch Ness, Les berges du Lac ;Tunis;+216 36 362 027 ;info@california-gym.com
CALIFORNIA GYM MALL;Tunisia Mall Les berges du Lac II ;Tunis;+216 36 36 40 53 ;info@california-gym.com
California Gym Platinum;Residence Lake Side Cité de l’île de Charrouin Cité les Pins - Berges Du Lac 2 ;Tunis;+216 36 36 26 80 ;platinum@california-gym.com
CALIFORNIA GYM SOUSSE;Centre commercial Tej Marhaba ;Sousse;+216 25 199 133 - 29 584 949 ;info@california-gym.com
CAP Gym Monastir;Port Marina ;Monastir;+216 23 71 70 90 ;aymen-theone@hotmail.fr
Cardio Gym;Immeuble ghalia ex ecoprix face de kiosque Shell ;Monastir Ville;+216 73 40 24 70 / 55 68 88 28 ;ramzimrabet84@gmail.com
Casa Fitness;Route taniour km 6 ;Sfax;+216 74 252 505 ;null
Caval-héros Monastir;Cité El Omran  ;Monastir;+216 97 83 18 33 ;clubcavalheros@gmail.com
Centre Athletic Club;1 Rue Okba Ibnou Nefaa ;Sousse;+216 99 76 46 60 ;athletic.club@yahoo.com
Centre Culturel et Sportif de la Jeunesse d'El Menzah 6;Rue Othmen Ibn Affen, Menzah 6 ;Ariana;+216 71 23 37 34 ;ccsjeunessem6@gmail.com
CENTRE DE FORMATION Ajyel El Ettihad (CFAE);c2 hay 2 n:63 ;Monastir;+216 20 107 155 / 97 600 931 ;fethi19@gmail.com
"Centre de plongée'' Dive Center bizerte""";Menzel Bourguiba ;Bizerte;+216 22 61 67 42 ;null
Centre De Sport Nabil;Sidi Salem -Houmet Paris -au dessus Hamem Bouchoucha ;Bizerte;+216 24 24 28 15 ;null
Centre Equestre Hajji Bizerte;Route Panoamique, Corniche ;Bizerte;+216 98 73 14 53 ;null
Centre Haifa;Borj Louzir ;Ariana;+216 55 44 22 20 ;null
Centre Kiné Pro;@ ;Testour;71 804 880 / 24 385 517 ;null
Centre Pyramide de Football;Rue lac chabala les berges du lac ;Tunis;+216 71 964 222 ;pyramide-club@hotmail.fr
Challenge Sportif;Ibn Khaldoun ;Tunis;+216 51 19 17 17 ;null
Challenger Fitness club pro;Rue des Violettes Dar-Chaabane-el-Fehri ;Nabeul;+216 23 02 55 00 ;imen00benyahia@gmail.com
Champion Boxing club; Rue chotrana petite Ariana ;Ariana;+216 22 08 95 10 ;boxingclub.c@gmail.com
Champions Sportifs Eljem;Eljem ;Mahdia;+216 25 56 78 10 ;null
CHAMS GyM;Route Soukra km 4 à côté de l’ENIS ;Sfax;+216 22 38 38 84 ;contact@chamsgym.tn
Chelly Sports;Khezama ;Sousse;+216 22 630 940 / 50 523 425 ;info@chelly-sports.com
Chess Teboulba;Téboulba ;Monastir;+216 23 93 59 65 ;aminekasparov1983@gmail.com
Cité Nationale Sportive;El Menzah  ;Tunis;+216 71 23 23 22 ;cns_manzah@cns.com.tn
Citrus Golf Club;BP 132 ;Hammamet;+216 72 226 500 / 20 226 500 ;booking@golfcitrus.com
Club 114; 114, Rue des Fruits - Chotrana III ;Soukra;+216 53 837 697 ;club114@topnet.tn
Club Africain;BP 155 Tunis Hached ;Tunis;+216 71 332 019 ;info@clubafricain.com.tn
Club Aghlabides de Natation Kairouan;Avenue de la République ;Kairouan;+216 52 53 49 33 / +216 77 230 044 ;cnakairouan@gmail.com
Club Al Hilal Sports de Tunis;9 Rue Georges Clemenceau ;Tunis;+216 24 18 08 72 ;null
Club Athlétique Bizertin;27 Avenue Hédi Chaker ;Bizerte;+216 72 42 44 01 ;webmaster@cab-officiel.com
Club Athlétique ERIHEN Gafsa;Centre d'athlétisme de Gafsa ;Gafsa;+24 20 13 07 ;bouallegueissam54@gmail.com
Club Automobile de Sfax;Centre ville ;Sfax;+216 28 31 67 46 ;clubautosfax@yahoo.fr
Club Basket-Ball Ksar Helall;Ksar Helall ;Monastir;+216 73 45 41 10 ;null
Club cycliste Ben Arous;Centre Ville ;Ben Arous;+216 93 95 82 59 ;club.cycliste.benarous@gmail.com
Club D'athlétisme Ksour Essef;Ksour Essef ;Mahdia;+216 53 45 37 11 ;rbennani62048@gmail.com
Club d'échecs Bouhjar;Bouhjar ;Monastir;+216 98 20 06 87 ;doghri_nabil@yahoo.fr
Club d'échecs de Kélibia;Kélibia ;Nabeul;+216 22 44 39 22 ;club_kelibia@live.fr
Club d'échecs Métouien;El Métouia ;Gabès;+216 29 50 80 26 ;null
Club D'Echecs Omrane supérieur;Maison des Jeunes Azouz Rbaii , IBN KHALDOUN ;Tunis;benalim10@gmail.com;null
Club d'équitation El Mouradi Cap Mahdia;Hôtel Abou Nawas, Hiboun ;Mahdia;+216 73 68 37 26 / 98 80 18 89  / 73 68 33 00 ;null
Club d'haltérophilie Menzel Temime;Menzel Temime ;Nabeul;+216 22 98 83 34 ;null
Club de Basket-Ball Soliman;Soliman ;Nabeul;+216 20 66 77 50 ;basket.soliman@gmail.com
Club de Football Sakiet Ezzit ;Sakiet Ezzit ;Sakiet Ezzit;+216 98 25 30 68 ;null
Club de Handball Ben Arous;Salle couverte ;Ben Arous;+216 24 24 86 32 ;null
Club de Handball Gabès;Stade municipal  ;Gabès;+216 21 20 04 49 ;kameldellaji@gmail.com
Club de Handball La Chebba;Chebba ;Mahdia;+216 73 64 31 83 ;null
Club de Natation de Ben Arous (CNBA);@ ;Megrine;71382300 ;null
Club de Natation de Monastir;Complexe sportif Mustapha ben Jannet ;Monastir;+216 98 34 38 37 ;null
Club de Pêche Sportive de Sfax;Route du nouveau port de pêche ;Sfax;+216 21 17 21 40 ;cpss@gnet.tn
Club de Plongée La Sirène - Djerba Diving Center;Djerba Diving Center ;Médenine;+216 98 42 37 18 ;plongee_sirene@yahoo.fr
Club de progrès sportif Al Tamimi;Menzel Temime ;Nabeul;+216 58 40 06 51 ;pact.1989mt@gmail.com
Club de tennis de Zaghouan;Cité sportive - Derrière salle couverte ;Zaghouan; +216 23 69 60 00 ;play@ctz.tn
Club de Tennis Trières;Rue Monji Slim ;Nabeul;+216 72 23 16 89 /  98 40 77 21 ;null
Club de Tir Abdallah Farhat Radès;Radès-Fôret ;Ben Arous;+216 71 43 49 10 ;null
Club de Tir sportif de Monastir; Avenue Hedi Khefacha, Skanes ;Monastir;+216 73 503 413 ;clubtirmonastir@yahoo.fr
Club de Tir Sportif de Sfax;centre ville ;Sfax;+216 41 55 35 16 ;null
Club de Tir Sportif de Sousse;Kalaa El Kebira ;Sousse;+216 98 40 35 56 ;null
Club de Tir Sportif de Zaghouan;Champ de Tir Sportif de Zaghouan ;Zaghouan;+216 28 77 31 73 ;clubdetirsportif.ctsz@gmail.com
Club De Voile Mahdia;Avenue Farhat Hached, à coté du salon de thé New Moon ;Mahdia;+216 58 60 79 81 ;abdelkaderessafi93@gmail.com
Club des activités de plongée de bizerte;Piscine municipale ;Bizerte;+216 22 61 67 42 ;null
Club des sports Nautiques de Soliman;Soliman ;Nabeul;+216 55 20 12 83 ;csn.soliman@gmail.com
Club des Sports Nautiques Kélibia;Kélibia ;Nabeul;+216 20 27 55 50 ;null
Club El Amal Sport;Cité Mzoughi Mourouj 4 ;Ben Arous;+216 36 11 86 41 ;null
Club Electro El Quods de judo;Salle Hay Chabeb près du stade Ali Zouaoui ;Kairouan;+216 26 60 08 73 ;null
Club équestre AZIZ;Route Mahdia km 17, Bderna ;Sfax;+216 25 89 78 74 ;club.equestre.aziz@gmail.com
Club Équestre Jafoura;Route de Menzel Chaker km 6 ;Menzel chaker;+216 29 91 61 04 ;dammak.ayoub@gmail.com
Club Equus Hammamet;Chemin Skake Khedhri ;Hammamet;+216 55 84 88 90 ;null
Club Escrime Monastir;Stade Mustapha Ben Jannet  ;Monastir;+216 73 90 73 31 /  29 00 31 63 ;club.escrime.monastir@gmail.com
Club Espoir de Boxe Jemmel;Jemmel ;Monastir;+216 97 25 83 21 ;ceb.jemmel@gmail.com
Club EXHALE;54 Avenue d'Afrique Menzah V ;El Menzah;+216 26 262 000 ;exhale.tunisie@gmail.com
CLUB EYA;Route gremda klm9  ;Sfax;+216 98 41 11 05 ;null
Club Football Témimien;Menzel Temime ;Nabeul;+216 72 30 04 98 ;null
Club Handball Ksour Essef;Ksour Essef ;Mahdia;+216  99 88 07 77 ;null
Club hippique Carmen;Hippodrome de Monastir ;Monastir;+216 27 39 91 85 ;stallcarmen@gmail.com
Club jeunesse éternelle ;Rue 13 aout 1956 ;Bizerte;+216 22 77 03 23 ;nozha23@hotmail.fr
Club Karaté Monastir;Cité R6 près de mosquée Ennour  ;Monastir;+216 98 58 10 42 ;null
Club Karim;Route de Tunis km 8 prés de club d'équitation ;Sakiet Ezzit;+216 29 156 155 ;clubkarim@topnet.tn
Club Kurubis Mini football;Korba ;Nabeul;+216 23 08 92 22 ;kurubis.ckmf@hotmail.com
Club Med Gym;Rue nationale, El Mourouj P6R4+RX El Mourouj ;Ben Arous;+216 31 18 51 38 ;null
Club Miami Center;Route Sidi Mansour km2 ;Sfax;+216 53 413 053 ;contact@miami-sport.com
Club Municipal d'Athlétisme ;Kairouan Sud ;Kairouan;+216 77 230 526 ;CMAKATHLET@yahoo.fr
Club municipal de judo à Raoued;Cebalat Ben Ammar ;Ariana;+216 90 11 18 80 ;null
Club municipal de taékwondo Hajeb Layoun;Salle couverte Hajeb El Ayoun  ;Kairouan;+216 22 71 15 70 / +216 97 57 92 00 ;null
Club Municipal de Tennis de Chihia;Route Teboulbi km 6 ;Sfax sud;+216 29 60 03 40 ;club.tennis.chihia@gmail.com
Club nautique de la Marine Tunisienne;Port de Plaisance La Goulette ;Tunis;+216 71 73 62 84 ;cnmt@topnet.tn
Club Nautique de Sfax;Taparura, au bord de la mer ;Sfax;+216 44 86 98 68 ;null
Club nautique de Sidi Bou Said;6, Rue Kennedy - 2023 Port de Sidi Bou Said ;Tunis;null;null
CLUB NAUTIQUE DE SOUSSE (C.N.S);Avenue Mohamed V - Port de Sousse ;Sousse;+216 73 203 019 / 53 787 976 / 50 694 922 ;cnsousse1937@gmail.com
Club Nautique du Lac;Berges du Lac ;Tunis;+216 71 96 09 82 ;null
club nautique hammam sousse;Hammam Sousse ;Sousse;+216 98 29 20 04 ;rziga_chafik@yahoo.fr
Club Nautique Hammamet;Hammamet ;Nabeul;+216 98 67 03 46 ;hammametclubnautique@gmail.com
Club Nawres Des Sports Uniques;Sidi Hcine ;Tunis;+216 54 28 12 88 ;nawrescnsu@yahoo.fr
Club OLYMPIQUE BEN AROUS;10, Rue charles Nicolle ;Ben Arous;+216 71 381 610 ;aiki_ikkyo@yahoo.fr
Club olympique de Kélibia;Kélibia ;Nabeul;+216 72 27 34 00 ;cokelibia@gmail.com
Club Olympique des transports;El Mlassine ;Tunis;+216 98 43 68 70 ;null
Club Olympique du Kram;Le Kram  ;Tunis;+216 58 71 92 07 ;null
Club Olympique Sfaxien ;La route de l’aéroport km 3 ;Sfax;+216 24 25 87 94 ;null
Club Orange Soukra de Tennis de Table;La soukra ;Ariana;+216 50 51 71 99 ;null
Club Pantta Gym Jendouba; 12 chemin zone industrielle 09avril ;Jendouba;+216  58 19 31 65 ;panattaclub17@gmail.com
Club pétanque Dauphin d'Or;Stah Jabeur ;Monastir;+216 98 54 11 03 ;null
Club pétanque de Ksar hellal;Avenue Hadj Ali Soua, Ksar Helall ;Monastir;null;null
Club Pétanque El Mahrés;El Mahrés ;Sfax;+216 20 50 91 05 ;null
Club Pétanque Khwaldia;Eljem ;Mahdia;+216 95 67 03 43 ;null
Club pétanque Menzel Ennour;Menzel Ennour ;Monastir;+216 50 69 93 42 ;null
Club Pétanque Moknine;Moknine ;Monastir;+216 27 00 16 85 ;hamtenhama5@gmail.com
Club Rabeb Sport;20 Rue Mohamed Bjéoui, L'Aouina ;Ariana;+216 97 66 15 07 ;null
Club Rugby féminin;Ragueda ;Kairouan Sud;+216 50 03 17 77 ;rugbyraccada@gmail.com
Club Rugby Jedaida;Jedaida ;Manouba;+216 24 54 36 99 ;null
Club Sport +;Route de l'aéroport km 3 ;Sfax;+216 21 672 606 ;admin@club-sport-plus.com
Club Sportif BOULE D'or;Ezzahra ;Ben Arous;+216 29 71 97 78 ;null
Club Sportif de Bembla;Bembla ;Monastir;null;null
Club sportif de Hammam Lif;9 Avenue 20 mars, Hammam-Lif ;Ben Arous;+216 71 43 78 14 ;null
Club Sportif de Jeux Individuels Téboulba;Téboulba ;Monastir;+216 27 22 79 88 ;null
Club Sportif de Messadine;Messadine ;Sousse;+216 73 28 40 24 ;csme.1976@gmail.com
Club Sportif Djebeniana;Djebeniana ;Jebeniana;+216 52 79 58 01 ;null
Club sportif El Amra;El Amra ;Sfax;+216 29 62 54 77 ;makhloufi1naim@hotmail.fr
Club sportif féminin Boumardes;Boumardes ;Mahdia;+216 98 96 13 38 ;null
Club Sportif Gafsien;Avenue Ali Belhouane ;Gafsa Sud;+216 50 87 00 33 ;null
Club Sportif Gorjani;Rue El Jawaher ;Tunis;+216 97 78 67 50 ;csgorjani@gmail.com
Club sportif hajeb layoun ;Hajeb layoun ;Hajeb El Ayoun;+216 77 37 00 00 ;null
Club Sportif Haouaria;El Haouaria ;Nabeul;+216 22 51 49 16 ;null
Club sportif Hazeg ;Hazeg ;Sfax;+216 74 89 56 38 ;null
CLUB SPORTIF HILALIEN (CSH);BP 24 Avenue Habib Bourguiba ;Ksar Helal;+216 73 472 825 ;cshilalien@gmail.com
Club Sportif Jeux Individuels Mahrés;El Mahrés ;Sfax;+216 98 36 72 02 ;null
Club Sportif Kalaat El Andalous;Kalaat El Andalous ;Ariana;+216 58 12 07 60 ;null
Club sportif Mahfoudh de Kélibia;Kélibia ;Nabeul;+216  97 43 86 11 ;null
Club Sportif Maison de Jeunes Sakiet ezzit Sfax;Maison de jeunes Sakiet ezzit ;Sfax;+216 74 25 05 00 ;null
Club sportif Mégrine Chaker;Mégrine Chaker ;Ben Arous;+216 22 19 62 07 ;null
Club sportif sfaxien (CSS);Route du nouveau port de pêche, BP297 ;Sfax; +216 74 49 71 38 ;media@css.org.tn
Club Sportif Sidi Bannour;Sidi Bannour ;Monastir;+216 24 93 26 23 ;rabid.ramzi@gmail.com
Club Tacapes Judo;Rue de sport  ;Gabès;+216 54 49 15 13 ;null
Club Tennis de Table Ariana;El Menzah ;Ariana;+216 98 99 31 63 ;benzartif@yahoo.fr
Club Tennis De Table El Alia ;El Alia ;Bizerte;+216 53 16 02 98 ;ctta-elalia@gmail.com
Club tigre sportif ;16 avenue la révolution 14 janvier 2011 ;Manouba;+216 98 95 95 72 ;sportiftigre@gmail.com
Club Tigre Sportif;16 Avenue la révolution 14 janvier 2011, Oued Ellil ;Manouba;+216 98 95 95 72 ;sportiftigre@gmail.com
Club Tipaza Djerba;Djerba Midoun ;Médenine;+216 21 33 92 22 ;tipazadiving@gmail.com
Club Tir Sportif Hammamet;Hammamet ;Nabeul;+216 55 34 57 59 ;clubtirhammamet@ymail.com
Club Universitaire de Sfax;Cité universitaire ;Sfax;+216 50 38 07 87 ;null
Cobra Team ;Denden ;Manouba;+216 22 52 27 98 ;cobrateamtncontact@gmail.com
COCO GYM;Avenue Jugurtha ;Tunis;+216 71 84 51 15 ;null
coerver COACHING;MAAMOURA ;Nabeul;+216  20 233 098 ;null
Coeur de Lion;Avenue de Russie, rue Al-Adami ;Kairouan;+216 77 30 00 95 ;null
Corail Sportif de Tabarka;49 rue d'Algérie ;Tabarka;null;null
Corniche Tennis Academy;Hôtel Résidence Ain Meriem  ;Bizerte;+216 98 98 52 14 ;amorsadkaoui@gmail.com
Corona Gym;El Mourouj  ;Ben Arous;+216 23 42 89 42 ;clubcoronagym@gmail.com
Correcte Gym;Derrière BIAT ;Ksibet Medyouni;+216 99 76 50 50 ;correctegym@gmail.com
Croissant Sportif Chebbien;Chebba ;Mahdia;+216 73 64 31 43 ;null
Croissant Sportif de Msaken;Msaken ;Sousse;+216 73 29 04 00 ;croissant.sportif@gmail.com
Croissant Sportif Redeyef;Stade Municipal  ;Redyef;+216 24 94 43 62 ;ramdan102030@hotmail.com
CrossFit La Marsa;81 Rue de l'Or Tunisia La Marsa ;Tunis;+216 92 48 20 01 ;contact@crossfit-marsa.com
Cure Sport;Rue Hamza Ibn Abdelmotaleb, Cité El Ghazala, Raoued ;Ariana;+216 70 68 67 02 ;null
Dalia Sportive de Grombalia;Grombalia ;Nabeul;+216 27 76 05 78 ;null
Dance Beauty;Rue mohamed bairem 5 marsa les pins ;La Marsa;+216 20 262 945 ;contact@site.com
Dance For Fun - Latin Club;X20 Jardin Menzah MNIHLA ;Ariana;+216 95 03 90 39 ;faycaljarraya@hotmail.com
Deutsche-Gym;Turki-Grombalia ;Nabeul;+216 72 25 77 34 ;chokri73@hotmail.de
Diamond Football Academy;stade gammoudi  ;Gafsa;+216 97 96 88 26 ;null
DJAY Fitness;Rue de Tunis ;Ariana;+216 22 99 65 16 ;Golds.gym.ariana@gmail.com
Djerba Champion's Academy;Djerba Midoun Avenue de l'environnement à coté de l'école privée avicenne ;Jerba Midoun;+216 24 66 66 05 ;ziednasrisimg@gmail.com
Djerba Golf Club;Zone Touristique, Midoun, Djerba ;Médenine;+216 75 74 50 55 ;null
Djerba Golf Club - Les Palmiers/Les Mer Course;Djerba Midoun ;Médenine;+216 75 74 50 55 ;null
Djerba Super Gym;Djerba ;Médenine;+216 24 90 06 45 ;null
Djerba Tennis Club;Complexe Sportif Essrandi - El May -Djerba ;Médenine;+216 23 83 27 16 ;djerbatennisclub@gmail.com
DOCTOR GYM;2 Rue des métaux, La Soukra ;Ariana;+216 52 52 28 33 ;doctorgym.tn@gmail.com
Dream Gym;49 B, 1006 Avenue Farhat Hached, Site archéologique de Carthage, Le Kram ;Tunis;+216 20 79 33 55 ;dreamgym1706@gmail.com
Dream Sport GYM ;Rue Imam Sahnoun ;Kairouan;+216 94 67 25 54 ;hamdisoumayahamdi@gmail.com
DUO CLUB;Route de Tunis, KM 1.5 ;Sfax;+216 26 154 777 ;duo.club.sfax@gmail.com
Dynamik Fitness Club;40 Bis. Rue Sakiet Sidi Yousef, Cité Sidi Achour ;Nabeul;+216 29 20 01 30 ;null
Echecs academie internationale sfax;Cité commerciale ;Sfax;+216 22 66 62 27 / 25 23 65 07 ;asri_sofien@hotmail.fr
Eclair Sportif de Beni Hassen ;Beni Hassen ;Monastir;+216 98 95 71 61 ;eclairsportifbenihassen@gmail.com
ECLAIR TESTOUR;Testour ;Testour;+216 23 51 29 40 ;helmijabouzi1@gmail.com
Ecole de danse Douma; Rue abdellaziz thaalbi ;Sousse Jawhara;+216 98 228 564 ;null
Ecole Des Echecs Kef;rue taha hssin  ;Kef;+216 78 22 43 94 ;eclole.echecskef@gmail.com
École Fédérale De Gymnastique Artistique Tunisie;Jbal Lahmar ;Tunis;+216 97 66 02 79 ;null
Ecole Pilote des Arts Martiaux R6 Monastir;R6 Prés de mosquée Ennour ;Monastir Ville;+216 98 58 10 42 ;smdc.karate@yahoo.fr
EKICLUB; Route Touristique Dkhila ;Monastir Ville;+216 26 700 095 ;contact@ekiclub.com
El Baath Sportif Bennane;Bennane ;Monastir;+216 73 58 40 77 ;baathsportifbennane@gmail.com
El Gawafel sportives de Gafsa;Stade principal de Gafsa  ;Gafsa;+216 21 07 03 56 ;associationsportivegawefelgafsa@hotmail.com
EL Makarem de Mahdia;Rue Farhat Hachad ;Mahdia;+216 92 20 24 04 ;contactemm1937@gmail.com
El Menzah Sports;Rue du martyr Salah Chatty ;Tunis;+216 28 72 99 72 ;el.menzah.sport@gmail.com
ELITE Football Academy;Route de Moureddine ;Msaken;+216 20 454 603 ;null
Elite Tennis Academy;Cité des Sciences ;Ariana;+216 23 43 45 55 ;null
Empire Fitness ;Coin avenue Habib Bourguiba (2éme étage en face de l'UBCI) , Megrine ;Ben Arous;+216 71 42 58 33 ;contact.empire.fitness@gmail.com
ENERGY ;Av Djedida Maghrebia en face faculté des langues appliquée ;Nabeul;+216 72 27 16 49 ;energy.nabeul@gmail.com
Energy Gym Club; Rue Turkey, Ksar Hellal ;Monastir;+216 58 04 99 24 ;null
Energy sport Djerba;Avenue Habib Bourguiba Houmt Souk Djerba ;Médenine;+216 75 65 00 40 ;abdel.legrand@gnet.tn
Energy-sports club;Avenue Mongi Slim ;Nabeul;+216 72 28 55 24 ;sportclubenergy@yahoo.fr
Energym;11 rue Bulla Regia, cité Hédi Nouira ;Ariana;+216 28 129 069 ;amin.hz886108@gmail.com
Ennasr Sport;Rue de l’environnement sidi Hassine ;Tunis;+216 98 70 31 18 ;ennasrsport@gmail.com
Enora GYM;cité Monji Slim ;Zaghouan;+216 55 89 07 85 ;null
Entente Sportive Aousja;Aousja, Ghar el Melh ;Bizerte;+216 23 11 88 89 ;elmoueddeb11@yahoo.fr
Equita-land;rue du parc ;Soukra;+216 52 737 157 ;slama-rakia@yahoo.fr
Espace Zmorda;Rue Yakout El Hamaoui ;Soukra;+216 25 345 031 ;contact@espace-zmorda.com
ESPERANCE SPORTIVE DE TUNIS;Parc Hassen Belkhodja Avenue Mohammed V ;Tunis;+216 71 83 21 19 / 71 83 20 99 ;admi.est@gnet.tn
Espérance Sportive de Tunis;Parc Hassen Belkhodja Avenue Mohammed V ;Tunis;+216 71 83 20 99 ;zbs@est.org.tn
Espoir Sportif d'Hammam Sousse (ESHS);Avenue de la République ;Hammam sousse;+216 73 366 052 ;null
Espoir Sportif De Haffouz  ;B.P N°11 Haffouz  ;Kairouan;+216 77 35 56 71  ;eshaffouz041962@gmail.com
Espoir sportif de Medjez El Bab;Medjez El Bab ;Béja;+216 50 62 78 58 ;marwen_7@live.fr
Espoir sportif Denden;Denden ;Manouba;+216 98 56 02 11 ;null
Espoir Sportif Hammam Ghezez;Hammam Ghezez ;Nabeul;+216 55 65 98 98 ;ramibenslimene.3@gmail.com
Espoir Sportif Kheireddine Basket-Ball;Kheireddine, La Goulette ;Tunis;+216 22 55 59 83 ;csk.basketball@gmail.com
Espoir sportif zriba village;Stade municipal Zriba Village ;Zériba;+216 56 79 91 67 ;null
Essor Sportif de Sidi Alouane;Sidi Alouane ;Mahdia;+216 26 32 00 48 ;essa1975@outlook.com
Étoile Olympique La Goullette Kram;11 Route de La Goulette ;Tunis;+216 71 27 76 45 ;eogk1927@gmail.com
Étoile sportive de Métlaoui;Stade Municipal de Métlaoui ;Métlaoui;+216 76 24 41 44 ;null
Etoile Sportive du Douar Hicher;Douar Hicher ;Manouba;+216 53 50 14 79 ;ahmed.bouzezi04@gmail.com
Etoile Sportive du Fahs;Stade municipal d'EL Fahs, C28 ;Fahs; +216 20 10 68 14 ;esfahs1942@yahoo.fr
Etoile Sportive du Sahel;Avenue Mohamed-Karoui ;Sousse;+216 73 220 300/ 73 225 237 ;secretariat@etoile-du-sahel.com
Etoile Sportive Eljem;Eljem ;Mahdia;+216 73 63 27 02 / 97 81 01 36 ;null
Ettadhamen Sport;Cité Ettadhamen ;Ariana;+216 25 06 17 99 ;null
EuroGym Fitness;Avenue de l'Environnement ;Tunis;+216 52 77 28 11 ;eurogymfitness11@gmail.com
Extra Fitness;Rue la Liberté SAHLOUL ;Sousse;+216 56 66 88 88 ;extrafitness.vipgym@gmail.com
Extra Gym;1 Rue De La Poste - Avenue Cité Sportive - Borj Louzir , A côté de la Cité Olympique ;Ariana;+216 29 16 79 50 ;null
Ez Zahra HandBall;Avenue de la République, Ezzahra ;Ben Arous;+216 54 82 68 09 ;null
Factory gym;Avenue 10 Décembre 1948 Menzah 1 ;Tunis;+216 93 01 76 88 ;factorygym.tn@gmail.com
Falcon Club;Bardo ;Tunis;+216 52 72 27 32 ;null
Familly Gym Monastir;R4 derrière la poste de Borj Khfacha ;Monastir;+216 52 18 70 90 ;mestirihamza8@gmail.com
Family Gym;R4 derrière la poste de Borj Khfacha ;Monastir;+216 52 18 70 90 ;mestirihamza8@gmail.com
Fédération Tunisienne de Badminton;Salle couverte ;Ariana;+216 71 71 07 31 ;ftbad2019@gmail.com
Fédération Tunisienne de Karaté;Cité Administrative Ibn Roched ;Tunis;+216 71 23 21 99 ;null
Federation Tunisienne de Speed Ball; Rue Abou Abess Ksantini, Résidence Ibn Rachik, Cité Olympique ;Tunis;+216 71 77 21 25 ;ftsb@ftsb.tn
Feel Good;20 Rue Hortensias Nouvelle Ariana  ;Ariana;+216 70 73 20 66 ;feelgoodsportcenter@gmail.com
Femmes en forme;Rue du Yen, immeuble Louati, 1er étage, les Berges du Lac II ;Tunis;+216 95 39 39 31 ;null
Fetoui Fitness Club;Route Sidi Mansour km6 ;Sfax;+216 53 71 53 29 ;null
Fight Club La Marsa;81 Rue de l'or, La Marsa ;Tunis;+216 92 48 20 01 ;null
Fight Club La Marsa;81 rue de l'or, La Marsa ;Tunis;+216 92 48 20 01 ;null
Fit 4 You;Avenue Grand Maghreb ;Gabès;+216 29 10 19 99 ;contact@fit4you.tn
Fit Fight Gym;zone industrielle , a coté de la maison KIA  ;Monastir;+216 73 42 70 07 ;null
Fitness City Elmourouj;El Mourouj 6 ;Ben Arous;+216 25 99 09 76 ;null
FITNESS CLUB BodyRock;3 Rue El Fouled le paralléle de L'Avenue Bayrem Ettounsi  ;Bardo;+216 71 663 161 / 96 794 961                                                                                                                                                                                      ;darragi2006@gmail.com
Fitness Club FC;Manzel Bourguiba ;Bizerte;+216 29 58 35 83 ;null
Fitness Club l'Orange Blue;Aouina ;Ariana;+216 21 37 58 46 ;null
Fitness Club Zaghouan;Rue Ezzanabek ;Zaghouan;+216 98 53 84 29 ;fitnessclubzaghouan@gmail.com
Fitness Et Performance;sousse ;Sousse Ville;73 368 863 / 97 900 690 / 25 139 775 ;null
Fitness First;Residence Salah Waja ;Mahdia;+216 50 24 11 38 ;null
Fitness First Bizerte;Rue 14 Janvier ;Bizerte;+216 98 30 00 10 ;contact@fitnessfirst.tn
Fitness First Zaghouan;Rue de la terre ;Zaghouan;+216 27 12 36 49 ;sabeurfouzaai@gmail.com
Fitnessline;Fitness Line centre de sport Rue Abdel Halim Hafedh ;Ariana;+216 36 34 23 82 / 24 90 86 04 ;contactfitnessline@gmail.com
fityogaprof;5 Rue de jeune foyer el menzah 1 ;Tunis;+216 53 88 11 13 / 51 881 413 / 31 501 792 ;fityogaprof@gmail.com
Five Stars Club;borj touil,sidi younis  ;Ariana;+216 29 44 47 97 ;contact.fivestarsclub@gmail.com
Flambeau Sportif de Sahline;Sahline ;Monastir;+216 73 51 33 48 ;null
Flèche Sportive El Horri;Menzel Temime ;Nabeul;+216 72 33 94 63 ;null
Flèche sportive Mnihla;El Mnihla ;Ariana;+216 95 31 10 12 ;hammami.bilou@gmail.com
FLORA Fitness CLUB F.F.C;Rue Marri, Kasar Helall ;Monastir;+216 58 59 03 95 / 95 31 17 23 ;null
Football club de Bizerte;Stade municipal ;Bizerte;+216 25 30 04 00 ;fcbizerte@gmail.com
Football club Messadine Mini Football;Messadine ;Sousse;+216 22 93 93 23 ;fcmessadine@gmail.com
Forest Club;Radès ;Ben Arous;+216 56 41 21 00 ;null
Futsal Club Du Sahel;Salle couverte ;Sousse;+216 73 22 92 59 ;null
G.S.T - Gazelec Sport de Tunis;Avenue L. Braille Tunis Belvédère ;Tunis;+216 71 287 053 ;tennis@gazelecsportdetunis.tn
Gabes Chess Academy;Rue abdel azziz aroui ;Gabès;+216 24 058 220 ;null
Galaxy Gym;Rue El Hsinet Montplaisir ;Tunis;+216 71 90 53 78 ;contact@galaxygym.tn
Gammarth Tennis Academy;Ghammarth, La Marsa ;Tunis;+216 99 71 95 58 / 55 07 86 83 ;contact@tennis-academy.net
Gazelec Sport de Tunis (G.S.T);@ ;Tunis;+216 71 287 053 ;tennis@gazelecsportdetunis.tn
Gazelle Sportive Moulares;stade Moulares ;Moulares;+216 55 30 02 52 ;gafsi12@hotmail.com
Get Fit Club ;Centre villes, prés de la poste tunisienne ;Gafsa;+216 22 40 44 88 ;null
Get Fit Club;Route de la Marsa l'Aouina, Cité Taieb M'hiri, Tunis ;Tunis;+216 70 85 52 09 / 53 59 00 89 ;null
Gladiator Gym;Kairouan  ;Kairouan Sud;+216 26 02 32 11 ;null
Go Mahdia;Ez-Zghana ;Mahdia;+216 21 77 16 43 ;null
Gold Fitness & Gym;105, Avenue du 20 Mars 1956, El Mourouj  ;Ariana;+216 20 55 14 59 ;null
Gold's Gym ;Cité Ibn Kaldoun, Tunis Route X3, 2éme entrée ;Tunis;+216 58 17 81 24 ;lounifigym@gmail.com
Golden bat Boumardes;Boumardes ;Mahdia;+216 25 15 57 38 ;hadiahmad77178@gmail.com
Golden Gym;Rue grand maghreb Khezama Ouest près de Carrefour Market ;Sousse;+216 98 82 78 33 ;null
Golden Park - GP;Route el Ain km 8 ;Sfax;+216 74 65 07 50 ;null
GOLF CLUB DE MONASTIR;BP 11 ;Monastir;+216 23 540 750 ;null
GOLF DE CARTHAGE;Rue 13 aout, Chotrana 2 ;Ariana;+216 71 76 51 00 / 71 75 94 19 ;golfsoukra@gmail.com
Golf Yasmine Valley;Golf Yasmine BP 61 ;Hammamet;+216 72 22 70 01 ;booking@golfyasmine.com
Golfe sportif Kettana;Kettana ;Gabès;+216 24 30 04 24 ;null
Grinta Sport;3 Rue 7555 - Terre Gharbi Les jardins d'El Menzah 1 ;Tunis;+216 97 82 00 64 ;contact.grintasport@gmail.com
Gym Box;71 Rue Mouaouia Ibn Abi Soufian Menzah 6  ;Ariana;+216 71 23 42 34 ;contact@gymbox.tn
Gym Club;Complexe Sportif Ooredoo Foot Academy ;Sousse;+216 73 277 826 ;gymclub@khamsa-group.com
Gym Core Centre;Boulvard Habib Bourguiba ;Béni Khiar;+216 72 23 87 68 ;gymcore2018@gmail.com
Gym for you;Diar Ben Mahmoud ;Tunis;+216 50 94 44 43 ;gymforyou14@gmail.com
Hamdi équitation;Kantaoui ;Sousse;+216 97 45 70 46 ;null
Hammamet Moto Club;Hammamet ;Nabeul;+216 20 48 81 17 ;wali354354@gmail.com
Hammamet Velo;40 Avenue Habib Bourguiba, Hammamet ;Nabeul;+216 21 16 54 39 ;contact.hv8050@gmail.com
Handball club de Menzel Bourguiba;Menzel Bourguiba ;Bizerte;+216 24 55 83 42 ;hbcmb2019.2020@gmail.com
HARDCORE GYM;9 Rue de l'Egalité ;Ariana;+216 55 42 78 93 ;null
Hippoclub;Sidi Thabet ;Ariana;+216 71 58 52 22 ;hippoclubcentreequestre@gmail.com
History Fitness;Jardin de Carthage, Ain ZAGHOUAN ;Tunis;+216 29 02 50 00 / 71 69 80 04 ;historyfitness@gnet.tn
IBIZA GYM;04 Rue de Bizerte, Nouvelle Médina 3 ;Ben Arous;+216 70 03 86 62 ;null
Ibiza Sport Djerba;Route de houmt souk, a coté de rond point de liberté ;Jerba Midoun;+216 55 57 50 07 ;ibizasport.djerba@gmail.com
Ikaa Ecole de musique et danse;48 rue Mohamed Bairem 5, La Marsa ;Tunis;+216  26 27 55 55 ;contact.ikaa@gmail.com
Infinity Club Fouchana;Fouchana ;Ben Arous;+216 22 64 96 57 ;null
Iron gym;centre ville ;Kasserine;+216 58 63 03 21 / 96 66 21 34 ;null
IRON GYM;Hammam Sousse ;Sousse;+216 54 12 38 99 ;null
JAB Boxing;115 Rue L'UMA Soukra  ;Ariana;+216 20 28 22 49 ;aminmagherbi@gmail.com
JABBES SPORT-FOOT ACADEMY;Chott Mariem ;Sousse;+216 73 344 418 / 98 503 202 ;jabbesbechir@hotmail.fr
Jet Club;05 Rue de Sfax Rades Meliane ;Ben Arous;+216  55 94 19 41 ;null
Jetset Fitness;Avenue des Jardins, Oued Ellil ;Manouba;+216 55 01 19 36 ;anis-namouchi@hotmail.com
Jeunesse Sportive de Lamta - JsL;Avenue Habib Bourguiba, Lamta ;Monastir;null;null
Jeunesse Sportive de l’Ariana;Cité Administrative ;Ariana;+216 21 69 20 59 ;null
Jeunesse Sportive du Bardo;Le Bardo ;Tunis;+216 99 42 52 52 / 22 55 05 98 ;jsbnatation@gmail.com
Jeunesse Sportive El Bokri;Cité El Bokri, Sidi Thabet ;Ariana;+216 96 72 48 03 ;jeunesportifbokri@gmail.com
Jeunesse sportive Grombalia ;Grombalia ;Nabeul;+216 52 32 64 49 ;null
Jeunesse sportive Msaken;Route de Sfax, Msaken ;Sousse;+216 98 54 60 60 ;loghmari.mourad@yahoo.fr
Jeux individuels de Sidi Thabet;Sidi Thabet ;Ariana;+216 50 84 08 57 ;null
Joy's boxe club;Menzah 1 ;Tunis;+216 21 46 66 63 ;null
JOYS Sport Club; Cité la Gazelle , Route de Bizerte Km 5 ;Ariana;+216 71 75 65 77 ;joys.sportsclub@yahoo.fr
Judo club de Sfax;Centre ville ;Sfax;+216 24 55 98 31/ 23 34 71 67 ;judo.clubsfax@gmail.com
JUDO CLUB KANO;25, avenue de l'UMA ;Soukra;+216  71 710 185 ;a.touati@aikidotunisia.com
Judo jujitsu self défense Medenine;Centre ville ;Médenine;+216 96 83 01 18 ;null
Jump Gym Monastir;Hotel Les Palmiers  ;Monastir Ville;+216  55 40 80 40 ;null
Jungle Gym Gafsa;Centre ville ;Gafsa;+216 52 78 84 99 ;null
Juventus Academy Tunisia by Jeep;El Menzah ;Tunis;+216 25 58 50 01 ;tunis@juventus-academy.com
Kaanich Sport Taekwondo;Centre ville ;Sfax;+216 22 44 61 05 ;dalyjaffel@gmail.com
Kalaa Chess;Maison des jeunes, Kalaa Sghira ;Sousse;cavalierechec@yahoo.fr ;null
Kano club arts martiaux;Jbal Lahmar ;Tunis;+216 29 80 32 11 ;kanoacademiejudo@gmail.com
Karaté hammam Lif;Hammam Lif ;Ben Arous;+216 98 51 65 97 ;null
KEEP COOL Gym Bizerte;Rue 14 janvier cité el jalaa ;Bizerte;+216 95 04 65 71 ;yassmin.dhaouadi1@gmail.com
KeepFit ;KeepFit Kantaoui, Hammam Sousse ;Sousse;+216 73 24 64 89 ;keepfit.fitnessplus@gmail.com
Kiné PRO;142 Avenue Louis Braille ;Tunis;+216 24 385 517 ;kine_pro@hotmail.fr
Kodokan Club;Rue Ahmed Saouef 4071 Khézama Ouest ;Sousse;+216 98 228 517 ;null
Korba Tennis Club;Korba ;Nabeul;+216 55 47 59 55 ;null
Kram Team;5 Avenue Taher Ben Ammar 2092 ;Tunis;+216 28 99 39 25 ;null
Kram Team;Rue de la Gare, La Goulette ;Tunis;+216 28 99 39 18 ;null
KRAV MAGA ACADEMIE TUNISIE;Ecole International de Carthage,  Jardins de Carthage ;La Marsa;+216 52 38 40 21 ;null
Krav Maga Académie Tunisie - Bizerte;Menzel Bourguiba, Rue de la république ;Bizerte;+216 55 40 48 88 ;nidhal.bejaoui.kmat@gmail.com
Krav Maga-Manar 1;El Manar ;Tunis;+216 29 90 70 12 ;omar2302@live.fr
L'Académie Médenine;Route de Gabes, KM 3 ;Tataouine;+216 21 55 42 36 ;null
L'association de la Chebba des jeux individuels;Chebba ;Mahdia;+216 95 10 35 59 ;null
L'association Sportive Des Arts Défensifs;El Kabbaria ;Tunis;+216 20 46 77 76 ;null
L'Avenir Sportif de la Marsa;Cité archéologique de Carthage ;Tunis;+216 26 12 86 00 ;null
L'avenir Sportif de Radès;Radès ;Ben Arous;+216 98 31 23 10 ;null
L'Avenir Sportif de Tebourba;Tebourba ;Manouba;+216 54 94 82 83 ;null
L'Avenir Sportif Oued Ellil;Oued Ellil ;Manouba;+216 28 54 99 29 ;asoe.sportive@gmail.com
L'équipe féminine de bouhajla;Stade Municipal Bouhajla  ;Kairouan;+216 51 79 25 95 ;null
L'Espoir sportif du Cap Bon;Salle couverte  ;Nabeul;+216 20 53 47 00 ;wafa.bettaieb@yahoo.fr
L'Olympe Gym;Boulevard Taieb M'Hiri, Résidence l'Elysée ;Sousse;+216 73 226 146 - 58 350 237 ;null
L'olympe Gym Carthage;Jardins de Carthage ;Tunis;+216 58 35 02 28 ;olympe.gym.tunis@gmail.com
L'Usine Monastir;Hôtel Royal Thalassa Route touristique Skanès En face de l'Aéroport international de Monastir Habib-Bourguiba ;Monastir;+216 73 52 44 68 ;reception.lusine@thalassa-hotels.com
La 5 ème avenue;Centre ville en face du Ministère de Tourisme ;Tunis;+216 93 12 11 82 ;wissemgloire@gmail.com
La Piscine;110 Rue Montreal Cité Olympique Sidi Abouloubaba ;Gabès;+216 75 39 25 70 ;lapiscine.gabes@gmail.com
La Tour de Bizerte des échecs;Maison des Jeunes El Kharaz ;Bizerte;+216 22 87 76 00 ;latourdebizerte@gmail.com
Ladies First ;Complexe Evrest cité Ennasr 1 ;Ariana;+216 92 05 53 91 ;ladiesfirst.officiel@gmail.com
Ladies Gym;MARSA CENTER, 17 Avenue Ali Belhouane ;Tunis;+216 71 74 67 42 ;ladiesgymlamarsa@gmail.com
Lady's Club;46, Avenue Hassen Belkhouja, Cité El Ghazela ;Ariana;+216 71 76 33 12 ;ladysclub.ghazela@gmail.com
Lady's First;Centre ville ;Béja;+216  90 57 06 12 ;raniabenfrija16@gmail.com
LAKE CLUB;Les berge du lac ;Tunis;+216 71 655 320 ;slimktari95@yahoo.com
Lavida fitness club Teboulbou;Rue mansour guadri ;Gabès;+216 75 39 93 70 ;lavida.fitness.club@gmail.com
Le Club de Gammarth;Zone touristique Cap Gammarth ;Tunis;+216 71 91 22 12 ;comm.leclubgammarth@gmail.com
Le Club Nautique - Sidi Bou Said;Port de Plaisance Sidi Bou Saïd ;Tunis;+216 71 74 03 81 / 29 59 60 70 ;null
Le Haras du Golfe;Km63 GP1 en face de Jinen ;Hammamet;+216 98 60 46 76 / 55 60 46 76 ;bensalah.hafedh@gmail.com
Le Monde du Fitness; Avenue de la Libération ;Hammamet;+216 20 33 20 65 ;null
Legend's Fitness & Spa;Rue Habib Bourguiba, en face du Rond Point El Hmema ;Ksar Helal;+216 73 54 70 60 ;legendfitnessspa@gmail.com
Lemsi center - infinty CLUB;Cité el ghazela  ;Ariana;+216 25 43 52 22 ;null
Les champions de l'avenir Touza;Touza ;Monastir;+216 95 65 21 77 ;null
Les Colombes Sportives Manouba;Rue El Hedhi Chaker  ;Manouba;+216 28 66 65 10 ;chennaouihedi6@gmail.com
Les Lions sportifs de la Soukra;La Soukra ;Ariana;+216 92 93 10 68 ;walidbs_saidi@hotmail.com
Les Trois Colombes;Salle de sport école privée Aladin à côté de carrefour Mégrine ;Megrine;+216 58 094 185 ;null
Liberty Gym;Cité Salem 2 ;Kasserine;+216  20 05 40 20 ;libertgym20@gmail.com
Lumière Sportive de Masjed Aissa;Masjed Aissa ;Monastir;+216 94 29 67 76 ;bensalem028@gmail.com
Lyon Sport;18 Av de Lyon ;Tunis;+216 71 341 454 / 71 596 053 ;null
M Club;Route Lafrane ;Sfax;+216 74 21 76 00 ;contact@mclub.tn
M'SAKEN TENNIS CLUB;@ ;Msaken;+216 73 312 700 ;tennismsaken@gmail.com
Madisson Club;Avenue de L’indépendance ;Manouba;+216 55 58 88 40 ;null
MAG'S GYM;22 Rue Abedrahmen Mami, Borj louzir ;Ariana;+216 70 68 84 52 ;null
"MAGIC DANCE CLUB ""MDC""";Avenue principale (Complex BAB AL BOUHAIRA), Les Berges Du Lac ;Tunis;+216 71 655 357 ;contact@mdc-tn.com
Mahdia Gym;Rue Rakada ;Mahdia;+216 99 68 82 20 ;null
Maracana CLUB;Route Tunis, Métouia ;Gabès;+216 22 75 88 58 ;null
Maram Fitness Centre;Rue Ezzahr cite el Basatine, derrière l'école l'excellence ;Monastir;+216 73 46 15 00 ;null
Marsa Gymnastics Academy;Zone industrielle Sidi Daoued, La Marsa ;Tunis;+216 53 49 83 26 ;monamano216@gmail.com
Matrix Gym;A coté de dinasty ;Kairouan;+216 28 46 66 01 ;matrix.info12@gmail.com
Max Fit; Rue Kairouan ;Monastir;+216 95 15 29 05 ;maxfit.tn@gmail.com
Maximum Gym Nabeul;Rue Tarek Ibn Zied ;Nabeul;+216 52 82 88 60 ;zrellihichem10@gmail.com
maya DANCE CLUB;Rue du Requin, Hammam sousse ;Sousse;+216 58 930 242 ;null
Mayssef Gym;Derrière Il Forno, Sahloul ;Sousse;+216 93 13 20 09 ;null
Megagym sfax;Route Teniour km 6,5 devant collège Chihia ;Sfax;+216 95 54 39 34 ;farjallah07@yahoo.fr
Megrine Fight Club;Megrine ;Ben Arous;+216 51 82 21 73 ;null
MH Latin Dance Academy;22 rue abderahmen abdennebi Menzah 1 ;Tunis;+216 94 73 58 42 ;manelmarweni458@gmail.com
Mimer's Gym;Route Caied M'hamed km3 ;Sfax;+216 51 72 00 08 ;mimers.gym@gmail.com
Mine Sportive de Metlaoui;Stade Municipal de Métlaoui ;Métlaoui;+216 21 47 22 57 ;minesportivemetlaoui1970@gmail.com
Mini club Equus à Dar Chaabane Fehri ;Dar Chaabane El Fehri ;Nabeul;+216 94 65 37 11 ;null
MK Club;Menzah 9 ;Tunis;+216 70 86 93 72 ;null
Mon coach;Rue Farhat Hachad, Enfidha ;Sousse;+216 23 43 13 48 ;null
Monastir Cross Country;Avenue Hedi Nouira ;Monastir;+216 21 124 756 ;mfr.cyclistes@gmail.com
Mondial Foot academy;Centre ville , El Maamoura ;Nabeul;+216  20 23 30 98 / 58 98 31 17 ;null
Moto Club de Sousse;11 rue 3 Aout  ;Sousse;+216 23 44 96 96 ;razgallah.ahmed1@gmail.com
Moto club La Marsa;La Marsa ;Tunis;+216 98 31 84 10 ;null
Mouelhi Foot Academy;Jardin d'El Menzah 2 ;Ariana;+216 58 62 35 35 ;null
Mouihbi Football Academy;La marsa ;Tunis;+216 28 12 10 00 ;hajermouihbi@hotmail.fr
MOUNIR POWER CENTER;8 rue Youssef Rouissi El Manar II, El Menzah ;Tunis;+216 71 882 603 ;mounir.center@planet.tn
Mourouj Club;El Mourouj ;Ben Arous;+216 54 77 51 35 ;mourouj.club2018@gmail.com
Move U;Lamta ;Monastir;+216 73 55 55 55 ;null
Moving club;Route manzel cheker klm 9 ;Sfax;+216 74 42 38 75 ;moving.club2017@gmail.com
Moving Club;Ksour Essef ;Mahdia;null;null
Moving Club +;11 Route de Carthage Sidi Daoud la Marsa ;Ariana;+216 28 30 81 79 ;null
Moving fitness club;Route Manzel chaker KM 5,5 ;Sfax;+216 29 41 61 12 ;movingfitnessclub@hotmail.com
Msaken Tennis Club;Msaken ;Sousse;+216 73 31 27 00 ;null
Msaken Volley Ball;Msaken  ;Sousse;+216 29 70 39 00 ;chaker_ghezal@yahoo.fr
My Club Fitness;Rue Dar El Wafa Jardin d'El Menzah 2 ;Ariana;null;null
My Club Gym;Complexe Abdelaziz Ketatni, Ezzahra ;Ben Arous;+216 36 38 23 87 ;yalla@myclubgym.com
My Fitness;16 Rue Ibn Abi Dhiaf Z I Mégrine ;Ben Arous;+216 71 29 75 19 ;null
My Fitness - Fitness Club & SPA;75 Avenue Habib Bourguiba Mégrine ;Ben Arous;+216 71 29 64 61 ;null
My Gym;Petite Ariana ;Ariana;+216 74 86 93 12 ;null
My Gym Tunisia;Rue mohamed Mesrar Menzah 9 ;El Menzah;+216 98 474 843 – 70 865 274 ;tunisia@mygym.com
Myfirst Gym Sfax;Rue Kassas N° 4 entre route Manzel Cheker et route Elain ;Sfax;+216 25 02 30 52 / 95 07 70 38 ;myfirstgym@hotmail.com
Naila dance club;Akouda ;Ariana;+216 55 31 74 03 ;naila.danceclub@gmail.com
Nasr sportif Touza;Touza ;Monastir;+216 73 48 99 96 ;null
National Automobile Club de Tunisie;Bab Bhar ;Tunis;+216 71 241 176 ;null
Neapolis Football Académie;760 avenue du koweit, hammamet ;Nabeul;+216 55 60 76 16 ;bilelbensouda2018@gmail.com
New Gym TOUMI;Cité Jardins ;Sfax;+216 74 22 41 69 ;null
Nour Gym;Avenue 1 juin ;Monastir;+216 24 47 80 58 ;null
O CLUB; Hôtel Marhaba Palace ;Sousse;+216 73 34 85 30 ;oclubfitness.programmes@gmail.com
Oasis Sportive Chenini;Chenini ;Gabès;+216 75 22 94 14 ;oasis.sportive.chenini@gmail.com
OFA Beja;A côté du kiosque Oil Lybia, route de Jendouba ;Béja sud;+216 29 588 299 ;contact.beja@ooredoofootacademy.tn
OFA Monastir;Route de l'aéroport Habib Bourguiba, Jnen el west Skanes ;Monastir;+216 24 017 550 ;contact.monastir@ooredoofootacademy.tn
OFA Sousse;Lotissement Imen, Khzema ouest en face de Carrefour Market ;Sousse;+216 28 546 000 ;contact.sousse@ooredoofootacademy.tn
OFA Tunis;Rue 8810, passage chaplat, les Berges du Lac ;Tunis;+216 26 553 000 ;contact.tunis@ooredoofootacademy.tn
OLYMPIA GYM;Rue Moncef Bey, cité jawhara ;Sousse;+216 73 229 204 ;null
Olympia gym;Route benguerdenne ;Médenine;+216 21 87 92 43 ;null
Olympia Gym Mansoura;Mansoura ;Kairouan;+216 98 45 08 70 ;imedcheriftunisiatkd@yahoo.fr
Olympia Gym-OG;Rue Moncef Bey, Cité jawhara ;Sousse;+216 73 22 92 04 / 54 55 66 60 ;olympiaog1@gmail.com
Olympic GYM Gabés;La Corniche  ;Gabès;+216  21 81 79 89 ;null
OLYMPICA;Piscine Olympique Rades Cité National Sportif Rades, BP N°18 ;Ben Arous;+216 79 325 067 / 97 197 134 / 97 978 373 ;olympica.natation@gmail.com
Olympica Natation;@ ;Ezzahra;79325067 ;olympica.natation@gmail.com
Olympico Football Academie;Charles de gaulle ;La Marsa;+216 28 80 80 05 ;olympico.football@gmail.com
Olympico Stadium Academy;Rue des amendes ;Manouba;+216 21 02 33 00 ;khakorbi17@icloud.com
Olympique Amiret El Fehoul;Amiret El Fehoul ;Monastir;+216 20 58 17 43 ;null
Olympique Beni Khiar;Beni Khiar ;Nabeul;+216 24 90 70 74 ;null
Olympique de Béja;Stade Boujemaa Kmiti, cité olympique route de Tunis ;Béja;+216 78 45 83 08 ;officielob@gmail.com
Olympique de Gafsa;Salle couverte ;Gafsa;+216 76 20 27 85 ;ogafsi@outlook.fr
Olympique de Monastir;Salle Couverte, Mustafa Ben Jannet  ;Monastir;+216 73 50 04 08 ;chkir.adel@gmail.com
Olympique Haffouz;Haffouz  ;Kairouan;+216  96 06 03 26 ;null
Olympique Nasrallah Taekwondo;Nasrallah  ;Kairouan;+216 23 00 21 79 ;null
Olympique Sidi Abid;Sidi Abid ;Sfax;+216 21 13 83 88 ;null
Olympique Sportif Temimien;Menzel Temime ;Nabeul;+216 22 81 15 60 ;olympique.sportif.temimien@gmail.com
Olympysky Club;Lac 2 ;Tunis;+216 26 08 52 10/ 53 26 72 80 ;contact@olympysky.tn
OM School Tunis;Stade Chedly Zouiten, Avenue Jugurtha ;Tunis;+216  98 10 50 00 ;belhadjmed.kaouther@gmail.com
OMEGA +;Route Soukra klm 3.5 derrière ENIS ;Sfax;+216 51 70 80 99 ;issamomega@gmail.com
ONE GYM;Rue essafa et el marwah ;Sfax;+216 74 24 66 98 / 98 65 73 92/ 44 12 92 33 ;onegymsfax@gmail.com
Ooredoo Football Academy Sousse;Khezema Ouest à proximité de Carrefour Market ;Sousse;+216 73 27 78 26 ;dcs@khamsa-group.com
Orange Menzel Bouzelfa Handball;Menzel Bouzelfa ;Nabeul;+216 20 69 37 81 ;null
ORBAT GYM;Cité Ennour - Avenue de Palastine - En face du Lycée Privé Ibn Chabbat ;Gafsa;+216 97 066 704 ;contact@orbatgym.com
Organisation sportive Kabbaria;El Kabbaria ;Tunis;+216 97 42 46 47 ;null
Oussoud RADES;Radès ;Ben Arous;+216 98 90 92 44 ;adnengribaa@gmail.com
Overdose gym;Cité elworoud 1 ;Sidi Bouzid;+216 56 27 01 59 ;null
Oxygen Fitness Siliana;Rue Mongi Slim ;Siliana;+216 99 89 16 00 ;tarekabbas_karate@yahoo.fr
Oxygen Gym;Rue Ibn Aljazzar Cité Cherif ;Gafsa;+216 54 02 30 29 ;oxygengym.tn@gmail.com
OXYGENE;6, Rue Hannibal - Gammarth Supérieur ;La Marsa;+216 71 727 189 ;oxygenefitness@yahoo.fr
Oxygene fitness;Zone industrielle Khaireddine Lac III ;Tunis;+216 71 72 71 89 ;contact@oxygene-fitness.tn
"OXYGÉNE Fitness Club ""rabii Guèzih""";Centre ville ;Gafsa;+216 55 16 23 04 ;null
Oxygene fitness Gammarth;Rue Hannibal, La Marsa ;Tunis;+216 71 72 71 89 ;contact@oxygene-fitness.tn
Ozone Lady's Club;Ennasr ;Ariana;+216 21 30 34 80 ;null
Paintball Arena;Ain Turkia Sakiet Ezzit ;Sfax;+216 25 05 96 87 ;pb.arena.sfax@gmail.com
Paintball Djerba;Mezraya, Djerba Midoun ;Médenine;+216 21 44 53 98 ;Djerba@painball.tn
Paintball Park Monastir;Golf palm links ;Monastir;+216 26 99 27 89 ;null
PAINTBALL TUNISIE;4 Rue Med Ben Saad Impasse#1 ;Tunis;+216 71 87 30 80 / 55 44 34 06 / 50 50 68 66 ;info@paintballtunisie.com
PANDA GYM Teboulba;117 Avenue de la république Soukrine Teboulba ;Monastir;+216  25 17 47 28 ;null
PEPS;Ceinture Bourguiba de Route El'Ain vers Lafrane ;Sfax;+216 55 12 88 88 ;pepsfitness@gmail.com
PERF PLUS Gym;15 Rue Naplouse 2011 La Manouba ;Manouba;+216 71 60 66 03 ;null
Phare Sportif Gabès;Cité El Manara  ;Gabès;+216 29 19 15 65 ;manara.petanque@gmail.com
Phenicia gym;Route Gremda km 0,5 immeuble phenicia  ;Sfax;+216 50 30 47 22 ;null
Phenix Club; Route Lafrane km 4.5 au dessus de jouajem aiicha ;Sfax;+216 70 03 27 80 / 22 88 66 72 ;phenixclubsfax@gmail.com
Piscine olympique de Rades;Radés ;Ben Arous;+216 71 46 84 77 / 98 43 54 80 ;null
Planet Fitness Mahdia;Rue Ibn Roched ;Mahdia;+216 73 69 54 79 ;planetfitnessmahdia.2010@gmail.com
Planet Fitness Sousse;Rue Mongi Grira Sahloul 3 ;Sousse;+216 29 88 50 81 ;null
Plongée et Loisirs de Monastir;Houda hotel Dekhila ;Monastir;+216 53 68 75 11 ;aqua-dive@topnet.tn
Podium Dabboussi SPORT;Avenue el borhen el mourouj 5 ;Ben Arous;+216 22 35 59 44 ;null
Podium sport 2;El Mourouj 4 ;Ben Arous;+216 22 35 59 44 ;null
Pole Sportif Amiret El Fehoul;Amiret El Fehoul ;Monastir;+216 21 04 15 13 ;tab0147crt@yahoo.fr
Popeye club cité Olympique;Cité Olympique ;Tunis;+216 22 25 36 25 ;null
Power Academy;21, Rue des mathématiques charguia 1 ;Tunis;+216 56 09 69 69  ;power.academy.tunisia@gmail.com
Power fit gym ;Immeuble Rchid Bziwech, Sahloul ;Sousse;+216 93 56 65 62 ;null
Power Fitness Club;4 Rue le Rossignol  ;Manouba;+216 27 87 20 70 ;refka.chaouachi@yahoo.fr
Power Fitness Club Manaret;Avenue Moncef Bey ;Nabeul;+216 55 72 27 67 ;null
Power fitness club mellita;Mellita djerba ;Médenine;+216 23 01 65 82 ;null
Power Gym;El Menchya, Hammam Sousse ;Sousse;+216 97 22 33 01 ;null
PowerHouse GYM;Bab Jdid ;Tunis;+216 71 26 06 75 ;null
Premium sports club;LOTISSEMENT AFH AIN ZAGHOUENE NORD Cité El Mhiri, La Marsa ;Tunis;+216 53 525 612 ;premiumsportsclub@gmail.com
Pro Gym;Avenue de l'environnement, Messadine  ;Sousse;+216 23 07 06 56 ;null
PROFIT CLUB;10 Rue Jebal Chàambi 1ér étage ;Ariana;+216 50 987 988 ;contact@profitclubtunisie.com
Pyramid Fitness;118 Avenue Ibn khaldoun Riadh el Andalous ;Ariana;+216 55 53 49 00 ;null
Pyramide SPORT;Avenue de la liberté, Boumhel ;Ben Arous;+216 29 36 47 77 ;null
Radogym;El Manar ;Tunis;+216 53 03 45 69 ;null
Raptor Team;Mairie d'El Fahs ;Bir Mecharga;+216 97 36 58 86 ;raptorteamzaghouan@gmail.com
Raquette d'Or Bizertine;Salle de tennis de table municipale ;Bizerte;+216 26 89 72 49 ;raquette.or.bizertine@gmail.com
Raquette d'Or Kalaa Sghira ;Kalaa Sghira ;Sousse;+216 97 22 71 21 ;equiperoks@gmail.com
Red Square;1 Rue de L'Astre Bardo ;Tunis;+216 71 58 35 17 ;redsquaretunisia@gmail.com
Red Star Sousse;Centre Ville ;Sousse;+216 53 44 19 81 ;redstarofsousse@gmail.com
Référence Club Hammam Lif;19 Rue Jandouba Cité Mohamed Ali, Hammam-lif ;Ben Arous;+216 55 51 85 21 ;karimmiskini4@gmail.com
Refresh Fitness Center;Cité Nadhour 2 ;Ksibet Medyouni;+216 73 44 59 00 ;null
ROYAL CLUB;Avenue Hedi Chaker ;Manouba;+216 58 19 81 92 ;ahmedchehbi39@gmail.com
Royal Fitness;10 Rue Ahmed Ibn Nasr Cité Ettahrir ;Tunis;+216 53 82 27 22 ;royalfitnessettahrir@gmail.com
Rugby Club Hrairia;Hrairia ;Tunis;+216 53 30 22 81 ;rugbyclub.harairia@gmail.com
Rugby Club In Sousse;Cité Aouina ;Sousse;+216 54 25 73 82 ;null
Rugby Club Jasmins Nabeul;Stade Municipal de Nabeul ;Nabeul;+216 98 82 95 14 ;rugbyclubjasmins@yahoo.com
Rugby Club Nefza;Nefza ;Béja;+216  97 69 37 56 ;rugbynefza@yahoo.fr
Rugby Club Nord Menzel Bourguiba;Menzel Bourguiba ;Bizerte;+216 98 27 32 39 ;bensaidboulbaba@yahoo.fr
Run In Mahdia;Rond-point l'Espadon ;Mahdia;+216 98 91 39 35 ;runinmahdia@gmail.com
Run In Monastir;Plage la Falaise ;Monastir;runinmonstir@gmail.com;null
Running Club La Marsa;La Marsa ;Tunis;runningclubmarsa@gmail.com;null
Ruspina sport ;Cité El Omran ;Monastir;+216 50 75 50 07 ;null
S-Factory;Avenue du 14 janvier 2011 (route de Khniss), près de la foire ;Monastir;+216 31 19 79 97 ;sfactorymonastir@gmail.com
Salle de sport Fit & Fun;Rue Salem Bchir- Derrière la gare ;Monastir;+216 22 91 83 55 ;null
Salle de Sport KENZA;Avenue 20 mars, Naassen ;Ben Arous;+216 26 37 89 15 ;null
Salle de sport Rihab Panda;Rue de Nelson Mandella ;Tunis;+216 24 22 01 93 ;null
Salle Extreme Sport ;10 Rue Remada El Mourouj ;Ben Arous;+216 98 24 50 20 ;wissem_b@hotmail.com
Salle Megrine Sport;Megrine ;Ben Arous;+216 22 63 77 68 ;null
Salma Evasion Quad;Bir Lobita 8057 Yasmine Hammamet ;Hammamet;+216 96 98 15 70 / 97 97 49 22 ;null
Sam Club;Avenue Hbib Bourghuiba ;Ben Arous;+216 22 22 72 89 ;berraiansami@gmail.com
Sami Fitness;Rue de Jordanie, Hammam Sousse ;Sousse;+216 24 70 24 31 ;null
Samurai club;Avenue des martyrs centre El Morgene 1er etage bloc A, El Mourouj ;Ben Arous;+216 71 47 69 31 ;null
Samurai Club La Marsa;La Marsa ;Tunis;+216  98 56 10 55 ;medali.auouadi2019@gmail.com
Samurai Nouvelle Medina 3;Rue du Caire Nouvelle Medina 3 ;Ben Arous;+216 29 80 64 54 ;null
Sarah Fitness;Avenue de la république Maxula-Radès ;Ben Arous;+216 70 31 59 14 ;sarah_fitness_rades@yahoo.fr
SFAX RELAX;Avenue Hedi Cheker ;Sakiet Ezzit;+216 74 859 704 / 24 510 002 ;badreddine.sfaxrelax@gmail.com
Shaolin Budo Center;El Ghazala ;Ariana;+216 99 21 81 05 ;rezgui_kamel@yahoo.fr
Shino Ronin Academy - Tunisia;Carthage ;Tunis;+216 54 05 03 00 ;freeman121214@gmail.com
SkyBox Gym;Avenue des Nations-Unis route de Tunis  ;Kairouan;+216 21 10 15 48 ;skyboxgym@gmail.com
Slim Fit;Rue des îles de Rhodes immeuble ATRIUM Lac 2 ;Tunis;+216 23 23 08 02 ;slimfitlac2@gmail.com
Slim Fit;Rue des îles de Rhodes, immeuble ATRIUM Lac 2 ;Tunis;+216 23 23 08 02 ;slimfitlac2@gmail.com
Smart Gym;110, Avenue de l'UMA ;Ariana;+216 70 69 32 33 ;contact@smartgym.tn
Smile Handball;Complexe sportif de l'OMMP, salle couverte MANAR 1 ;Tunis;+216 29 75 07 11 ;zied.handball.academy@gmail.com
SOFIT Club;Parc urbain Ennahli ;Ariana;+216 23 15 26 57 ;sofit.sta@gmail.com
Solide Sport Megrine;291 Avenue Farhat Hached Mégrine Sidi rezig, Megrine ;Ben Arous;+216 22 79 80 33 ;null
Song Moo Kwan Tunisie;Rue bohira cité hôpital bousalrm, Bou Salem ;Jendouba;+216 52 25 46 68 ;null
SOUSSE BIKE CLUB;El Kantaoui  - Hammam Sousse ;Sousse;+216 50 40 29 48 ;soussevtt@gmail.com
Sousse Football Academy;El Padrino ;Hammam sousse;+216 97 00 00 45 ;sousse.football.academy@gmail.com
Sousse Motorsport Club;Jawhara Oued kharoub (AG MOTORS) garage ;Sousse;soussemotorsportclub@gmail.com;null
Sparta Club;94 Avenue Farhat Hached, Ezzahra ;Ben Arous;+216 53 68 67 86 ;sparta.club.tn@gmail.com
Sport Factory;Entre le restaurant le Prestige et la boutique Orange ;Hammamet;+216 54 38 82 66 ;sportsfactory.hammamet@gmail.com
Sport Nautique Bizertin;Blvd Habib Bougatfa ;Bizerte;+216 98 32 43 10 ;snbizertin@gmail.com
Sport Nautique Menzel Abderrahmen;Menzel Abderahmane ;Bizerte;+216 92 99 46 11 ;null
Sport Plus;Route de l'aéroport km 3 ;Sfax;+216 21 67 26 06 ;admin@club-sport-plus.com
Sporting CLUB;Boumhal el Bassatine ;Ben Arous;+216 56 30 54 15 ;null
Sporting Club Bellevue;Bellevue ;Tunis;+216 98 57 45 56 ;null
Sporting Club Ben Arous;Stade municipal ;Ben Arous;+216 71 38 71 23 ;null
Sporting Monastir basket-ball;Cité Souani ;Monastir;null;null
Sporting Sidi Hassine;Sidi Houssine ;Tunis;+216 54 46 66 63 ;null
Sportissimo;Ceinture n°11 route de gabes le rond point avant le nouveau hopital chinois ;Sfax;+216 23 44 54 45 ;null
Staali Family Club;Ras Jebel ;Bizerte;+216 27 77 98 73 ;null
Stade Nabeulien;Stade Municipal de Nabeul ;Nabeul;+216 53 10 61 62 ;null
Stade Soussien;Avenue Mohamed Maarouf ;Sousse;+216 73 23 43 93 ;st.soussien@gmail.com
Stade Sportif Chrarda ;Cherarda  ;Kairouan;+216 97 45 02 25 ;null
Stade Sportif Gafsien;Stade Mohammed-Gammoudi ;Gafsa;+216 96 70 00 25 ;s.s.gafsien@gmail.com
Stade Sportif Sfaxien ;Stade de la Cité El Habib ;Sfax;+216 27 26 21 00 ;null
Stade Sportif Temimien ;Menzel Temime ;Nabeul;+216 58 43 35 41 ;null
Stade Tunisien;Stade Hédi Enneifer Le Bardo ;Tunis;+216 71 58 52 22 ;contact@stadetunisien48.com
Stade Zaghouanais;5. Rue Ahmed Mbarek ;Zaghouan;+216 72682809 ;stadezaghouanis@gmail.com
STAR SPORT ACADEMY;Avenue MOHAMED V Zone Industriel la Goulette Kram ;Tunis;+216 29 082 082 ;starsportacademy.tn@gmail.com
Street defense System Self defense;18 Avenue de Lyon  ;Tunis;+216 53 61 61 30 ;dhaouibs@gmail.com
SVELTESSE CENTER;Complex Jamel 2eme étage - Mourouj1 ;Mourouj;+216 79 35 75 55 / 21 90 53 53 / 97 51 43 41 ;sveltessecenter@yahoo.fr
Swedish Gym;3 Rue Ibn Nafis, Z.I. Kheireddine, La Goulette ;Tunis;+216 22 33 55 99 ;contact@swedish-gym.com
Syphax PAINTBALL;Caied Mhamed ;Sfax;+216 20 350 029 ;syphaxpaintball@gmail.com
Taekwondo académie ;Centre ville ;Gabès;+216 97 64 66 65 ;null
Taroura Arena;Route de ceinture près de Jemaa Mekki, Jemmel  ;Monastir;+216 98 58 83 37 ;null
Tchika gym;Rue 18 Janvier ;Béja;+216 55 85 38 86 ;null
Techno sport;Résidence Oméga Center bloc C 7éme étage bureau C28, Rue de la feuille d'érable Lac 2 ;Ariana;+216 24 99 09 09 ;null
tej tonic;Bvd de l'Environnement Gammarth ;La Marsa;+216 71 916 917 ;null
Tej-Gym;Cité des jeunes devant café devant foyer mirawi ;Gafsa;+216  22 43 44 45 ;tejayoub@gmail.com
Temps Danse;Avenue de Carthage ;Tunis;+216 27 10 21 90 ;null
Tennis - Club de Monastir;BP 185 Monastir république ;Monastir;+216 73 462 320 ;tennisclubmonastir@planet.tn
Tennis Club Akouda (T.C.AK);@ ;Akouda;+216  73 810 059 / 21 482 345 ;tennis.akouda@hotmail.fr
Tennis Club Ariana;Rue Ibn Mondhour Residence Ettouyour bloc Koutaf 1 APP A5 ;Ariana;+216 98 54 22 35 ;coachsamir@voila.fr
Tennis Club de Bizerte;Les jardins de la municipalité ;Bizerte;+216 58 12 30 00 ;tennis@tcbizerte.tn
TENNIS CLUB DE CARTHAGE;Tennis Club De Carthage	Avenue de La République ;Carthage;+216 71 277 313 ;contact@tcc.org.tn
Tennis Club de Kairouan;Avenue de Fès ;Kairouan Sud;+216 77 23 25 10 ;tckairouan@yahoo.fr
Tennis Club de Kelibia;Kélibia ;Nabeul;+216 72 27 56 62 ;tckelibia@yahoo.fr
Tennis Club de Mégrine;5, Rue Monhi Bali, Megrine ;Ben Arous;+216 71 43 23 50 ;tcmg2022@gmail.com
Tennis Club De Msaken;98299263 ;Msaken;tennismsaken@gmail.com;null
Tennis Club de Sayada; Avenue de l'Environnement, Bayech  ;Sayada Lamta Bouhjar;+216 55 95 77 74 ;tennisclubsayada@gmail.com
Tennis Club de Sfax; Route de l’Aéroport km 3,5 ;Sfax sud;+216 22 815 381 ;tennisclubdesfax@tunet.tn
Tennis club de tajerouine;Tejerouine  ;Kef;+216 22 59 10 73 ;null
TENNIS CLUB DE TUNIS (TCT);20 Avenue Alain Savary ;Tunis;+216 71 287 379 / 71 894 487 ;tennisclubtunis@topnet.tn
Tennis Club du Sahel ;Boulevard du 14 Janvier ;Sousse;+216 73 27 48 88 ;tennisclubsahel@gmail.com
Tennis Club Hammam-Sousse (T.C.H.S);Rue Hammam Sousse ;Sousse;+216 73 365 559 ;tennisclub.hs@gmail.com
Tennis Club Hammamet;Hammamet ;Nabeul;+216 52 56 03 25 ;t.c.hammamet@tch.org.tn
Tennis Club Jemmel;Jemmel ;Monastir;+216 95 48 61 11 ;null
Tennis Club Les Trières de Nabeul;Av. Mongi Slim ;Nabeul;+216 72 23 16 89 / 98 40 77 21 ;null
Tennis Club Mahdia;Hiboun ;Mahdia;+216 24 60 52 85 ;null
TENNIS CLUB SFAX - T.C.S;Route de l’Aéroport km 3,5 ;Sfax;+216 74 243 299 / 20 840 616 ;tennisclubdesfax@tunet.tn
Tennis Club Soukra;Borj louzir soukra ;Ariana;+216 28 38 94 89 ;null
Tennis Club Sousse;Rue des Catacombes ;Sousse;+216 73 33 48 02 ;tcs@topnet.tn
The Crew Base;10 Rue Essahel  ;Ben Arous;+216 24 26 50 11 ;baseofthecrew@gmail.com
THE Little gim;3 avenue Ebn Zuhr, La Goulette ;Tunis;+216 29 360 900 / 53 360 977 ;tlgtunis@thelittlegym.com
The Rock Gym;14 Rue Abdallah Ibn zoubair Cité Ettahrir ;Tunis;+216 55 88 84 25 ;therockgym16@gmail.com
The YOGA Studio;10, Rue Rayahin Khezema-Est ;Sousse;+216 53 27 80 90 ;theyogastudiosousse@gmail.com
Tichilla Sportive des Jeux Individuels;Scouts tunisiens ;Testour;+216 95 46 21 53 ;mahmoudbjaoui24@gmail.com
Tinja Sport;Tinja ;Bizerte;+216 25 26 64 33 ;chalghoumich@gmail.com
Titan club gym;Rue de Mahdia ;Nabeul;+216 52 11 94 45 ;titanclubgym@gmail.com
Titans Team;Rue Tahar Sfar, El Manar ;Tunis;+216 23 66 30 54 ;null
TK1 Gym;5 rue Tahar Ben Ammar ;Tunis;+216 24 61 11 11 ;clasram.eve@gmail.com
Top Fitness;Rue Jawhar s'killi Hammamet ;Nabeul;+216 29 11 20 07 ;topfitnesshammamet@gmail.com
Tracks Fitness Club;18 rue de la terre nozhet soltan Borj Cedria ;Hammam Chat;+216 24 99 50 00 ;bolbol12@hotmail.de
Triathlon Sfax Taparura;Centre ville ;Sfax;+216 74 74 16 42 ;null
Tunis Automobile Club;Avenue Habib Bourguiba ;Tunis;+216 71 24 11 76 ;null
Tunisia Racing Club ;Tunisie ;Tunis;+216 98 35 11 75 ;trc.sportmecanique@laposte.net
Tunisian Eagles Fouchana;Fouchana ;Ben Arous;+216 22 38 32 96 ;null
Tunisie Minifootball;El Menzah ;Tunis;+216 31 40 06 33 ;null
Underground Fitness TN;Ezzahra ;Ben Arous;+216 56 05 00 57 ;undergroundfitnesstunisia@gmail.com
Union sportif Majoura;Quartier Majoura ;Sned;+216 23 22 32 20 ;usmajoura@gmail.com
Union Sportif Zriba;Stade municipal Zriba Hammem ;Zériba;+216 25 10 58 08 ;hamdahadjsghaieir@gmail.com
Union Sportive Akouda;Rue Ali Ben Ayed, Akouda ;Sousse;+216 53 55 75 22 ;usakouda@gmail.com
Union sportive AL Hamma;Al Hamma ;Gabès;+216 50 85 57 93 ;null
Union Sportive Borj Cedria;Borj Cedria ;Ben Arous;+216 55 54 03 49 ;null
Union sportive Cherahil;Cherahil ;Monastir;+216 28 56 89 00 ;null
Union Sportive de Kelibia;Kelibia ;Nabeul;+216 58 17 70 51 ;null
Union Sportive de Sayada (USS);Salle omnisports de Sayada ;Sayada Lamta Bouhjar;union.s.sayada@gmail.com;null
Union Sportive de Sidi Bouali;Sidi Bouali  ;Sousse;+216 73 25 56 80 ;unionsportivedesidibouali@gmail.com
Union Sportive de Taekwondo ;Rue Said Ibn Abi Bakr ;Tunis;+216 22 36 31 33 ;null
Union Sportive de Taekwondo (USTDA);1 Rue 10175 Ouardia, Mathildeville ;Tunis;+216 22 36 31 33 ;ustdatunisia@gmail.com
Union Sportive de Tataouine;Centre ville ;Tataouine;+216 71 78 54 71 ;null
Union Sportive Djedaida;Jedaida ;Manouba;+216 22 23 58 47 ;us-djedaida@hotmail.fr
Union Sportive du Sahel ;Rue El Andalous ;Mahdia;+216 22 69 03 54 ;unionsportif016@outlook.fr
Union sportive El Ansar;Dar Chaabene El Fehri ;Nabeul;+216 72 36 17 68 ;null
Union sportive Fondok Djedid;Fondok el Djedid ;Nabeul;+216 93 87 09 17 ;null
Union Sportive Gafsa;Centre d'athlétisme de Gafsa ;Gafsa;+216 20 90 81 76  ;null
Union Sportive Hammamet;Hammamet ;Nabeul;+216 55 41 08 15 ;null
Union Sportive Ksour Essef;Ksour Essef ;Mahdia;+216 20 02 24 43 ;null
Union Sportive Métouia;El Métouia ;Gabès;+216 75 37 05 89 ;u.s.metouia@gmail.com
Union Sportive Monastirienne (USM);Avenue 7 Novembre ;Monastir;+216 73 467 452 / 31 530 297 ;null
Union Sportive Sidi Ameur;Sidi Ameur ;Monastir;+216 29 70 80 14 ;null
Union sportive Sijoumi ;Rue Mohammed Dhifi 18 ;Tunis;+216 71 59 54 00 ;u.s.s.sedjoumi.direction@gmail.com
Union sportive zaghouan;Maison des jeunes de Zaghouan   ;Zaghouan; +216 98 34 36 54 ;null
Universal Gym;Sahloul 2, Boulevard de la Liberté ;Sousse;+216 98 47 58 93 ;universalgym.sahloul@gmail.com
Université Club de l'Ariana - UCA;Salle Couverte ;Ariana;+216 27 31 37 87 ;universite.club.ariana@gmail.com
UpTown Gym;Tinja ;Bizerte;+216 58 93 61 00 ;null
URBAN DANCE;El Manzah  ;Ariana;+216 29 29 12 91 ;contact@urbandance.tn
VIVA GYM fitness club Ezzahra;Diar Ezzahra Avenue Mer Méditerranée  ;Ben Arous;+216 22 83 03 29 ;doniazed-tounsi@hotmail.fr
VLS School;GP9, km11 Route de la Marsa, Ain Zaghouen ;Tunis;+216 56 20 13 00 / 25 19 95 43 ;null
Volt Gym;Rue Habib Thameur , bannene ;Monastir;+216 26 92 51 14 ;null
Wassel Martial Arts Academy;Avenue Youssef Mahjoub ;Monastir;+216 97 22 23 82 ;wasselboughattas@gmail.com
Weded sportif Elhamma;El Hamma ;Gabès;+216 31 40 29 66 ;smiti_kh007@yahoo.fr
Wellness club;Route de Tunis km 3.5  ;Sfax;+216 36 35 01 24 ;clubwellness.17@gmail.com
Wellness Yoga Space;Rue Mongi Slim, au fond de la Résidence Aziz Bloc D l'Aouina ;Tunis;+216 25 13 03 24 ;null
WEMBLEY ACADEMY;91 Rue de l'Or Zone industrielle Sidi Daoud ;La Marsa;+216 71 85 41 16 ;wembley_academy@hotmail.com
Wided Sportif Sers;Rue 14 Janvier. Cité Ezzouhour Sers  ;Kef;+216  23 20 52 04 ;null
World Gym;85 Rue Gabes, Jbal Khaoui, La Marsa ;Tunis;+216 71 74 33 79 ;null
Yes fit club;Route Manzel Chaker km 1.5 Immuble Ktata ;Sfax;+216 26 77 78 86 ;null
Yoga Home;9 Rue Salem Bouhajeb, Mutuelleville ;Tunis;ciara@yogahome.tn;null
Zarzouna Tennis Academy;Centre jeunesse et sport route Manzel Abdrahmen, Zarzouna ;Bizerte;+216 50 48 54 61 ;null
ZEN CLUB plus;Rue abou firas hamdani la marsa +33 rue fatouma bourguiba ;Soukra;+216 21 527 011 ;null
Zinebledi Horse Riding Club;Hammem sousse ;Sousse;+216 52 66 09 06 ;zinebledi_horseridingclub@yahoo.com
Zitouna Azmour;Azmour ;Nabeul;+216 72 33 22 95 ;null
Zitouna Fitness;42 Rue Sahel Av. de l'indépendance Khaznadar Bardo ;Tunis;+216 21 15 15 69 ;zitouna.fitness@gmail.com
Zitouna Sport Kalaa Kebira;Kalaa Kebira ;Sousse;+216 97 59 51 78 ;null
ZIZOU PAINTBALL CLUB HAMMAMET;Hammamet ;Nabeul;+216 98 906 955 / 50 949 037 / 21 101 875 ;zizou.paintball@topnet.tn
Zou Concept fitness club;7 Rue Takrouna, La Soukra ;Ariana;+216 53 90 90 52 ;zouaoui_i@hotmail.fr
